<?xml version="1.0" encoding="UTF-8"?>
<!DOCTYPE mapper PUBLIC "-//mybatis.org//DTD Mapper 3.0//EN" "http://mybatis.org/dtd/mybatis-3-mapper.dtd">
<mapper namespace="com.i1314i.ourproject.mapper.AgriculturalPolicyMapper">
    <resultMap id="BaseResultMap" type="com.i1314i.ourproject.po.javabean.AgriculturalPolicy">
        <id column="zhengce_id" jdbcType="INTEGER" property="zhengceId"/>
        <result column="name" jdbcType="VARCHAR" property="name"/>
        <result column="content" jdbcType="VARCHAR" property="content"/>
        <result column="type" jdbcType="VARCHAR" property="type"/>
        <result column="fabushijian" jdbcType="DATE" property="fabushijian"/>
        <result column="fabudanwei" jdbcType="VARCHAR" property="fabudanwei"/>
        <result column="bumen" jdbcType="INTEGER" property="bumen"/>
    </resultMap>
    <resultMap id="CountType" type="com.i1314i.ourproject.po.javabean.CountType">
        <result column="type" jdbcType="VARCHAR" property="type"/>
        <result column="total" jdbcType="VARCHAR" property="total"/>
    </resultMap>
    <sql id="Example_Where_Clause">
        <where>
            <foreach collection="oredCriteria" item="criteria" separator="or">
                <if test="criteria.valid">
                    <trim prefix="(" prefixOverrides="and" suffix=")">
                        <foreach collection="criteria.criteria" item="criterion">
                            <choose>
                                <when test="criterion.noValue">
                                    and ${criterion.condition}
                                </when>
                                <when test="criterion.singleValue">
                                    and ${criterion.condition} #{criterion.value}
                                </when>
                                <when test="criterion.betweenValue">
                                    and ${criterion.condition} #{criterion.value} and #{criterion.secondValue}
                                </when>
                                <when test="criterion.listValue">
                                    and ${criterion.condition}
                                    <foreach close=")" collection="criterion.value" item="listItem" open="("
                                             separator=",">
                                        #{listItem}
                                    </foreach>
                                </when>
                            </choose>
                        </foreach>
                    </trim>
                </if>
            </foreach>
        </where>
    </sql>
    <sql id="Update_By_Example_Where_Clause">
        <where>
            <foreach collection="example.oredCriteria" item="criteria" separator="or">
                <if test="criteria.valid">
                    <trim prefix="(" prefixOverrides="and" suffix=")">
                        <foreach collection="criteria.criteria" item="criterion">
                            <choose>
                                <when test="criterion.noValue">
                                    and ${criterion.condition}
                                </when>
                                <when test="criterion.singleValue">
                                    and ${criterion.condition} #{criterion.value}
                                </when>
                                <when test="criterion.betweenValue">
                                    and ${criterion.condition} #{criterion.value} and #{criterion.secondValue}
                                </when>
                                <when test="criterion.listValue">
                                    and ${criterion.condition}
                                    <foreach close=")" collection="criterion.value" item="listItem" open="("
                                             separator=",">
                                        #{listItem}
                                    </foreach>
                                </when>
                            </choose>
                        </foreach>
                    </trim>
                </if>
            </foreach>
        </where>
    </sql>
    <sql id="Base_Column_List">
    zhengce_id, name, content, type, fabushijian, fabudanwei, bumen
  </sql>
    <select id="selectByExample" parameterType="com.i1314i.ourproject.po.javabean.AgriculturalPolicyExample"
            resultMap="BaseResultMap">
        select
        <if test="distinct">
            distinct
        </if>
        <include refid="Base_Column_List"/>
        from agricultural_policy
        <if test="_parameter != null">
            <include refid="Example_Where_Clause"/>
        </if>
        <if test="orderByClause != null">
            order by ${orderByClause}
        </if>
    </select>
    <select id="selectByPrimaryKey" parameterType="java.lang.Integer" resultMap="BaseResultMap">
        select
        <include refid="Base_Column_List"/>
        from agricultural_policy
        where zhengce_id = #{zhengceId,jdbcType=INTEGER}
    </select>
    <delete id="deleteByPrimaryKey" parameterType="java.lang.Integer">
    delete from agricultural_policy
    where zhengce_id = #{zhengceId,jdbcType=INTEGER}
  </delete>
    <delete id="deleteByExample" parameterType="com.i1314i.ourproject.po.javabean.AgriculturalPolicyExample">
        delete from agricultural_policy
        <if test="_parameter != null">
            <include refid="Example_Where_Clause"/>
        </if>
    </delete>
    <insert id="insert" parameterType="com.i1314i.ourproject.po.javabean.AgriculturalPolicy">
    insert into agricultural_policy (zhengce_id, name, content, 
      type, fabushijian, fabudanwei, 
      bumen)
    values (#{zhengceId,jdbcType=INTEGER}, #{name,jdbcType=VARCHAR}, #{content,jdbcType=VARCHAR}, 
      #{type,jdbcType=VARCHAR}, #{fabushijian,jdbcType=DATE}, #{fabudanwei,jdbcType=VARCHAR}, 
      #{bumen,jdbcType=INTEGER})
  </insert>
    <insert id="insertSelective" parameterType="com.i1314i.ourproject.po.javabean.AgriculturalPolicy">
        insert into agricultural_policy
        <trim prefix="(" suffix=")" suffixOverrides=",">
            <if test="zhengceId != null">
                zhengce_id,
            </if>
            <if test="name != null">
                name,
            </if>
            <if test="content != null">
                content,
            </if>
            <if test="type != null">
                type,
            </if>
            <if test="fabushijian != null">
                fabushijian,
            </if>
            <if test="fabudanwei != null">
                fabudanwei,
            </if>
            <if test="bumen != null">
                bumen,
            </if>
        </trim>
        <trim prefix="values (" suffix=")" suffixOverrides=",">
            <if test="zhengceId != null">
                #{zhengceId,jdbcType=INTEGER},
            </if>
            <if test="name != null">
                #{name,jdbcType=VARCHAR},
            </if>
            <if test="content != null">
                #{content,jdbcType=VARCHAR},
            </if>
            <if test="type != null">
                #{type,jdbcType=VARCHAR},
            </if>
            <if test="fabushijian != null">
                #{fabushijian,jdbcType=DATE},
            </if>
            <if test="fabudanwei != null">
                #{fabudanwei,jdbcType=VARCHAR},
            </if>
            <if test="bumen != null">
                #{bumen,jdbcType=INTEGER},
            </if>
        </trim>
    </insert>
    <select id="countByExample" parameterType="com.i1314i.ourproject.po.javabean.AgriculturalPolicyExample"
            resultType="java.lang.Long">
        select count(*) from agricultural_policy
        <if test="_parameter != null">
            <include refid="Example_Where_Clause"/>
        </if>
    </select>
    <update id="updateByExampleSelective" parameterType="map">
        update agricultural_policy
        <set>
            <if test="record.zhengceId != null">
                zhengce_id = #{record.zhengceId,jdbcType=INTEGER},
            </if>
            <if test="record.name != null">
                name = #{record.name,jdbcType=VARCHAR},
            </if>
            <if test="record.content != null">
                content = #{record.content,jdbcType=VARCHAR},
            </if>
            <if test="record.type != null">
                type = #{record.type,jdbcType=VARCHAR},
            </if>
            <if test="record.fabushijian != null">
                fabushijian = #{record.fabushijian,jdbcType=DATE},
            </if>
            <if test="record.fabudanwei != null">
                fabudanwei = #{record.fabudanwei,jdbcType=VARCHAR},
            </if>
            <if test="record.bumen != null">
                bumen = #{record.bumen,jdbcType=INTEGER},
            </if>
        </set>
        <if test="_parameter != null">
            <include refid="Update_By_Example_Where_Clause"/>
        </if>
    </update>
    <update id="updateByExample" parameterType="map">
        update agricultural_policy
        set zhengce_id = #{record.zhengceId,jdbcType=INTEGER},
        name = #{record.name,jdbcType=VARCHAR},
        content = #{record.content,jdbcType=VARCHAR},
        type = #{record.type,jdbcType=VARCHAR},
        fabushijian = #{record.fabushijian,jdbcType=DATE},
        fabudanwei = #{record.fabudanwei,jdbcType=VARCHAR},
        bumen = #{record.bumen,jdbcType=INTEGER}
        <if test="_parameter != null">
            <include refid="Update_By_Example_Where_Clause"/>
        </if>
    </update>
    <update id="updateByPrimaryKeySelective" parameterType="com.i1314i.ourproject.po.javabean.AgriculturalPolicy">
        update agricultural_policy
        <set>
            <if test="name != null">
                name = #{name,jdbcType=VARCHAR},
            </if>
            <if test="content != null">
                content = #{content,jdbcType=VARCHAR},
            </if>
            <if test="type != null">
                type = #{type,jdbcType=VARCHAR},
            </if>
            <if test="fabushijian != null">
                fabushijian = #{fabushijian,jdbcType=DATE},
            </if>
            <if test="fabudanwei != null">
                fabudanwei = #{fabudanwei,jdbcType=VARCHAR},
            </if>
            <if test="bumen != null">
                bumen = #{bumen,jdbcType=INTEGER},
            </if>
        </set>
        where zhengce_id = #{zhengceId,jdbcType=INTEGER}
    </update>
    <update id="updateByPrimaryKey" parameterType="com.i1314i.ourproject.po.javabean.AgriculturalPolicy">
    update agricultural_policy
    set name = #{name,jdbcType=VARCHAR},
      content = #{content,jdbcType=VARCHAR},
      type = #{type,jdbcType=VARCHAR},
      fabushijian = #{fabushijian,jdbcType=DATE},
      fabudanwei = #{fabudanwei,jdbcType=VARCHAR},
      bumen = #{bumen,jdbcType=INTEGER}
    where zhengce_id = #{zhengceId,jdbcType=INTEGER}
  </update>

    <!--自加-->
    <select id="selectCountByType"
            resultMap="CountType">SELECT type,count(*) AS total FROM agricultural_policy GROUP BY type </select>
</mapper>