<?xml version="1.0" encoding="UTF-8"?>
<!DOCTYPE mapper PUBLIC "-//mybatis.org//DTD Mapper 3.0//EN" "http://mybatis.org/dtd/mybatis-3-mapper.dtd">
<mapper namespace="com.i1314i.ourproject.mapper.BriefInstructionMapper">
  <resultMap id="BaseResultMap" type="com.i1314i.ourproject.po.javabean.BriefInstruction">
    <id column="shichang_id" jdbcType="INTEGER" property="shichangId" />
    <result column="name" jdbcType="VARCHAR" property="name" />
    <result column="address" jdbcType="VARCHAR" property="address" />
    <result column="product" jdbcType="VARCHAR" property="product" />
    <result column="telphone" jdbcType="VARCHAR" property="telphone" />
    <result column="gong_xu" jdbcType="VARCHAR" property="gongXu" />
    <result column="jieshao" jdbcType="VARCHAR" property="jieshao" />
    <result column="fabutime" jdbcType="DATE" property="fabutime" />
    <result column="x" jdbcType="DOUBLE" property="x" />
    <result column="y" jdbcType="DOUBLE" property="y" />
  </resultMap>
  <sql id="Example_Where_Clause">
    <where>
      <foreach collection="oredCriteria" item="criteria" separator="or">
        <if test="criteria.valid">
          <trim prefix="(" prefixOverrides="and" suffix=")">
            <foreach collection="criteria.criteria" item="criterion">
              <choose>
                <when test="criterion.noValue">
                  and ${criterion.condition}
                </when>
                <when test="criterion.singleValue">
                  and ${criterion.condition} #{criterion.value}
                </when>
                <when test="criterion.betweenValue">
                  and ${criterion.condition} #{criterion.value} and #{criterion.secondValue}
                </when>
                <when test="criterion.listValue">
                  and ${criterion.condition}
                  <foreach close=")" collection="criterion.value" item="listItem" open="(" separator=",">
                    #{listItem}
                  </foreach>
                </when>
              </choose>
            </foreach>
          </trim>
        </if>
      </foreach>
    </where>
  </sql>
  <sql id="Update_By_Example_Where_Clause">
    <where>
      <foreach collection="example.oredCriteria" item="criteria" separator="or">
        <if test="criteria.valid">
          <trim prefix="(" prefixOverrides="and" suffix=")">
            <foreach collection="criteria.criteria" item="criterion">
              <choose>
                <when test="criterion.noValue">
                  and ${criterion.condition}
                </when>
                <when test="criterion.singleValue">
                  and ${criterion.condition} #{criterion.value}
                </when>
                <when test="criterion.betweenValue">
                  and ${criterion.condition} #{criterion.value} and #{criterion.secondValue}
                </when>
                <when test="criterion.listValue">
                  and ${criterion.condition}
                  <foreach close=")" collection="criterion.value" item="listItem" open="(" separator=",">
                    #{listItem}
                  </foreach>
                </when>
              </choose>
            </foreach>
          </trim>
        </if>
      </foreach>
    </where>
  </sql>
  <sql id="Base_Column_List">
    shichang_id, name, address, product, telphone, gong_xu, jieshao, fabutime, x, y
  </sql>
  <select id="selectByExample" parameterType="com.i1314i.ourproject.po.javabean.BriefInstructionExample" resultMap="BaseResultMap">
    select
    <if test="distinct">
      distinct
    </if>
    <include refid="Base_Column_List" />
    from brief_instruction
    <if test="_parameter != null">
      <include refid="Example_Where_Clause" />
    </if>
    <if test="orderByClause != null">
      order by ${orderByClause}
    </if>
  </select>
  <select id="selectByPrimaryKey" parameterType="java.lang.Integer" resultMap="BaseResultMap">
    select 
    <include refid="Base_Column_List" />
    from brief_instruction
    where shichang_id = #{shichangId,jdbcType=INTEGER}
  </select>
  <delete id="deleteByPrimaryKey" parameterType="java.lang.Integer">
    delete from brief_instruction
    where shichang_id = #{shichangId,jdbcType=INTEGER}
  </delete>
  <delete id="deleteByExample" parameterType="com.i1314i.ourproject.po.javabean.BriefInstructionExample">
    delete from brief_instruction
    <if test="_parameter != null">
      <include refid="Example_Where_Clause" />
    </if>
  </delete>
  <insert id="insert" parameterType="com.i1314i.ourproject.po.javabean.BriefInstruction">
    insert into brief_instruction (shichang_id, name, address, 
      product, telphone, gong_xu, 
      jieshao, fabutime, x, y
      )
    values (#{shichangId,jdbcType=INTEGER}, #{name,jdbcType=VARCHAR}, #{address,jdbcType=VARCHAR}, 
      #{product,jdbcType=VARCHAR}, #{telphone,jdbcType=VARCHAR}, #{gongXu,jdbcType=VARCHAR}, 
      #{jieshao,jdbcType=VARCHAR}, #{fabutime,jdbcType=DATE}, #{x,jdbcType=DOUBLE}, #{y,jdbcType=DOUBLE}
      )
  </insert>
  <insert id="insertSelective" parameterType="com.i1314i.ourproject.po.javabean.BriefInstruction">
    insert into brief_instruction
    <trim prefix="(" suffix=")" suffixOverrides=",">
      <if test="shichangId != null">
        shichang_id,
      </if>
      <if test="name != null">
        name,
      </if>
      <if test="address != null">
        address,
      </if>
      <if test="product != null">
        product,
      </if>
      <if test="telphone != null">
        telphone,
      </if>
      <if test="gongXu != null">
        gong_xu,
      </if>
      <if test="jieshao != null">
        jieshao,
      </if>
      <if test="fabutime != null">
        fabutime,
      </if>
      <if test="x != null">
        x,
      </if>
      <if test="y != null">
        y,
      </if>
    </trim>
    <trim prefix="values (" suffix=")" suffixOverrides=",">
      <if test="shichangId != null">
        #{shichangId,jdbcType=INTEGER},
      </if>
      <if test="name != null">
        #{name,jdbcType=VARCHAR},
      </if>
      <if test="address != null">
        #{address,jdbcType=VARCHAR},
      </if>
      <if test="product != null">
        #{product,jdbcType=VARCHAR},
      </if>
      <if test="telphone != null">
        #{telphone,jdbcType=VARCHAR},
      </if>
      <if test="gongXu != null">
        #{gongXu,jdbcType=VARCHAR},
      </if>
      <if test="jieshao != null">
        #{jieshao,jdbcType=VARCHAR},
      </if>
      <if test="fabutime != null">
        #{fabutime,jdbcType=DATE},
      </if>
      <if test="x != null">
        #{x,jdbcType=DOUBLE},
      </if>
      <if test="y != null">
        #{y,jdbcType=DOUBLE},
      </if>
    </trim>
  </insert>
  <select id="countByExample" parameterType="com.i1314i.ourproject.po.javabean.BriefInstructionExample" resultType="java.lang.Long">
    select count(*) from brief_instruction
    <if test="_parameter != null">
      <include refid="Example_Where_Clause" />
    </if>
  </select>
  <update id="updateByExampleSelective" parameterType="map">
    update brief_instruction
    <set>
      <if test="record.shichangId != null">
        shichang_id = #{record.shichangId,jdbcType=INTEGER},
      </if>
      <if test="record.name != null">
        name = #{record.name,jdbcType=VARCHAR},
      </if>
      <if test="record.address != null">
        address = #{record.address,jdbcType=VARCHAR},
      </if>
      <if test="record.product != null">
        product = #{record.product,jdbcType=VARCHAR},
      </if>
      <if test="record.telphone != null">
        telphone = #{record.telphone,jdbcType=VARCHAR},
      </if>
      <if test="record.gongXu != null">
        gong_xu = #{record.gongXu,jdbcType=VARCHAR},
      </if>
      <if test="record.jieshao != null">
        jieshao = #{record.jieshao,jdbcType=VARCHAR},
      </if>
      <if test="record.fabutime != null">
        fabutime = #{record.fabutime,jdbcType=DATE},
      </if>
      <if test="record.x != null">
        x = #{record.x,jdbcType=DOUBLE},
      </if>
      <if test="record.y != null">
        y = #{record.y,jdbcType=DOUBLE},
      </if>
    </set>
    <if test="_parameter != null">
      <include refid="Update_By_Example_Where_Clause" />
    </if>
  </update>
  <update id="updateByExample" parameterType="map">
    update brief_instruction
    set shichang_id = #{record.shichangId,jdbcType=INTEGER},
      name = #{record.name,jdbcType=VARCHAR},
      address = #{record.address,jdbcType=VARCHAR},
      product = #{record.product,jdbcType=VARCHAR},
      telphone = #{record.telphone,jdbcType=VARCHAR},
      gong_xu = #{record.gongXu,jdbcType=VARCHAR},
      jieshao = #{record.jieshao,jdbcType=VARCHAR},
      fabutime = #{record.fabutime,jdbcType=DATE},
      x = #{record.x,jdbcType=DOUBLE},
      y = #{record.y,jdbcType=DOUBLE}
    <if test="_parameter != null">
      <include refid="Update_By_Example_Where_Clause" />
    </if>
  </update>
  <update id="updateByPrimaryKeySelective" parameterType="com.i1314i.ourproject.po.javabean.BriefInstruction">
    update brief_instruction
    <set>
      <if test="name != null">
        name = #{name,jdbcType=VARCHAR},
      </if>
      <if test="address != null">
        address = #{address,jdbcType=VARCHAR},
      </if>
      <if test="product != null">
        product = #{product,jdbcType=VARCHAR},
      </if>
      <if test="telphone != null">
        telphone = #{telphone,jdbcType=VARCHAR},
      </if>
      <if test="gongXu != null">
        gong_xu = #{gongXu,jdbcType=VARCHAR},
      </if>
      <if test="jieshao != null">
        jieshao = #{jieshao,jdbcType=VARCHAR},
      </if>
      <if test="fabutime != null">
        fabutime = #{fabutime,jdbcType=DATE},
      </if>
      <if test="x != null">
        x = #{x,jdbcType=DOUBLE},
      </if>
      <if test="y != null">
        y = #{y,jdbcType=DOUBLE},
      </if>
    </set>
    where shichang_id = #{shichangId,jdbcType=INTEGER}
  </update>
  <update id="updateByPrimaryKey" parameterType="com.i1314i.ourproject.po.javabean.BriefInstruction">
    update brief_instruction
    set name = #{name,jdbcType=VARCHAR},
      address = #{address,jdbcType=VARCHAR},
      product = #{product,jdbcType=VARCHAR},
      telphone = #{telphone,jdbcType=VARCHAR},
      gong_xu = #{gongXu,jdbcType=VARCHAR},
      jieshao = #{jieshao,jdbcType=VARCHAR},
      fabutime = #{fabutime,jdbcType=DATE},
      x = #{x,jdbcType=DOUBLE},
      y = #{y,jdbcType=DOUBLE}
    where shichang_id = #{shichangId,jdbcType=INTEGER}
  </update>
</mapper>