<?xml version="1.0" encoding="UTF-8"?>
<!DOCTYPE mapper PUBLIC "-//mybatis.org//DTD Mapper 3.0//EN" "http://mybatis.org/dtd/mybatis-3-mapper.dtd">
<mapper namespace="com.i1314i.ourproject.mapper.FarmsMapper">
  <resultMap id="BaseResultMap" type="com.i1314i.ourproject.po.javabean.Farms">
    <id column="yangzhi_id" jdbcType="INTEGER" property="yangzhiId" />
    <result column="name" jdbcType="VARCHAR" property="name" />
    <result column="zhen_jie" jdbcType="VARCHAR" property="zhenJie" />
    <result column="address" jdbcType="VARCHAR" property="address" />
    <result column="type" jdbcType="VARCHAR" property="type" />
    <result column="year" jdbcType="DATE" property="year" />
    <result column="cun_lan_guimo" jdbcType="VARCHAR" property="cunLanGuimo" />
    <result column="nian_chulan_liang" jdbcType="VARCHAR" property="nianChulanLiang" />
    <result column="fuzeren" jdbcType="VARCHAR" property="fuzeren" />
    <result column="lianxiren" jdbcType="VARCHAR" property="lianxiren" />
    <result column="lianxiren_tel" jdbcType="VARCHAR" property="lianxirenTel" />
    <result column="x" jdbcType="DOUBLE" property="x" />
    <result column="y" jdbcType="DOUBLE" property="y" />
  </resultMap>
  <sql id="Example_Where_Clause">
    <where>
      <foreach collection="oredCriteria" item="criteria" separator="or">
        <if test="criteria.valid">
          <trim prefix="(" prefixOverrides="and" suffix=")">
            <foreach collection="criteria.criteria" item="criterion">
              <choose>
                <when test="criterion.noValue">
                  and ${criterion.condition}
                </when>
                <when test="criterion.singleValue">
                  and ${criterion.condition} #{criterion.value}
                </when>
                <when test="criterion.betweenValue">
                  and ${criterion.condition} #{criterion.value} and #{criterion.secondValue}
                </when>
                <when test="criterion.listValue">
                  and ${criterion.condition}
                  <foreach close=")" collection="criterion.value" item="listItem" open="(" separator=",">
                    #{listItem}
                  </foreach>
                </when>
              </choose>
            </foreach>
          </trim>
        </if>
      </foreach>
    </where>
  </sql>
  <sql id="Update_By_Example_Where_Clause">
    <where>
      <foreach collection="example.oredCriteria" item="criteria" separator="or">
        <if test="criteria.valid">
          <trim prefix="(" prefixOverrides="and" suffix=")">
            <foreach collection="criteria.criteria" item="criterion">
              <choose>
                <when test="criterion.noValue">
                  and ${criterion.condition}
                </when>
                <when test="criterion.singleValue">
                  and ${criterion.condition} #{criterion.value}
                </when>
                <when test="criterion.betweenValue">
                  and ${criterion.condition} #{criterion.value} and #{criterion.secondValue}
                </when>
                <when test="criterion.listValue">
                  and ${criterion.condition}
                  <foreach close=")" collection="criterion.value" item="listItem" open="(" separator=",">
                    #{listItem}
                  </foreach>
                </when>
              </choose>
            </foreach>
          </trim>
        </if>
      </foreach>
    </where>
  </sql>
  <sql id="Base_Column_List">
    yangzhi_id, name, zhen_jie, address, type, year, cun_lan_guimo, nian_chulan_liang, 
    fuzeren, lianxiren, lianxiren_tel, x, y
  </sql>
  <select id="selectByExample" parameterType="com.i1314i.ourproject.po.javabean.FarmsExample" resultMap="BaseResultMap">
    select
    <if test="distinct">
      distinct
    </if>
    <include refid="Base_Column_List" />
    from farms
    <if test="_parameter != null">
      <include refid="Example_Where_Clause" />
    </if>
    <if test="orderByClause != null">
      order by ${orderByClause}
    </if>
  </select>
  <select id="selectByPrimaryKey" parameterType="java.lang.Integer" resultMap="BaseResultMap">
    select 
    <include refid="Base_Column_List" />
    from farms
    where yangzhi_id = #{yangzhiId,jdbcType=INTEGER}
  </select>
  <delete id="deleteByPrimaryKey" parameterType="java.lang.Integer">
    delete from farms
    where yangzhi_id = #{yangzhiId,jdbcType=INTEGER}
  </delete>
  <delete id="deleteByExample" parameterType="com.i1314i.ourproject.po.javabean.FarmsExample">
    delete from farms
    <if test="_parameter != null">
      <include refid="Example_Where_Clause" />
    </if>
  </delete>
  <insert id="insert" parameterType="com.i1314i.ourproject.po.javabean.Farms">
    insert into farms (yangzhi_id, name, zhen_jie, 
      address, type, year, cun_lan_guimo, 
      nian_chulan_liang, fuzeren, lianxiren, 
      lianxiren_tel, x, y)
    values (#{yangzhiId,jdbcType=INTEGER}, #{name,jdbcType=VARCHAR}, #{zhenJie,jdbcType=VARCHAR}, 
      #{address,jdbcType=VARCHAR}, #{type,jdbcType=VARCHAR}, #{year,jdbcType=DATE}, #{cunLanGuimo,jdbcType=VARCHAR}, 
      #{nianChulanLiang,jdbcType=VARCHAR}, #{fuzeren,jdbcType=VARCHAR}, #{lianxiren,jdbcType=VARCHAR}, 
      #{lianxirenTel,jdbcType=VARCHAR}, #{x,jdbcType=DOUBLE}, #{y,jdbcType=DOUBLE})
  </insert>
  <insert id="insertSelective" parameterType="com.i1314i.ourproject.po.javabean.Farms">
    insert into farms
    <trim prefix="(" suffix=")" suffixOverrides=",">
      <if test="yangzhiId != null">
        yangzhi_id,
      </if>
      <if test="name != null">
        name,
      </if>
      <if test="zhenJie != null">
        zhen_jie,
      </if>
      <if test="address != null">
        address,
      </if>
      <if test="type != null">
        type,
      </if>
      <if test="year != null">
        year,
      </if>
      <if test="cunLanGuimo != null">
        cun_lan_guimo,
      </if>
      <if test="nianChulanLiang != null">
        nian_chulan_liang,
      </if>
      <if test="fuzeren != null">
        fuzeren,
      </if>
      <if test="lianxiren != null">
        lianxiren,
      </if>
      <if test="lianxirenTel != null">
        lianxiren_tel,
      </if>
      <if test="x != null">
        x,
      </if>
      <if test="y != null">
        y,
      </if>
    </trim>
    <trim prefix="values (" suffix=")" suffixOverrides=",">
      <if test="yangzhiId != null">
        #{yangzhiId,jdbcType=INTEGER},
      </if>
      <if test="name != null">
        #{name,jdbcType=VARCHAR},
      </if>
      <if test="zhenJie != null">
        #{zhenJie,jdbcType=VARCHAR},
      </if>
      <if test="address != null">
        #{address,jdbcType=VARCHAR},
      </if>
      <if test="type != null">
        #{type,jdbcType=VARCHAR},
      </if>
      <if test="year != null">
        #{year,jdbcType=DATE},
      </if>
      <if test="cunLanGuimo != null">
        #{cunLanGuimo,jdbcType=VARCHAR},
      </if>
      <if test="nianChulanLiang != null">
        #{nianChulanLiang,jdbcType=VARCHAR},
      </if>
      <if test="fuzeren != null">
        #{fuzeren,jdbcType=VARCHAR},
      </if>
      <if test="lianxiren != null">
        #{lianxiren,jdbcType=VARCHAR},
      </if>
      <if test="lianxirenTel != null">
        #{lianxirenTel,jdbcType=VARCHAR},
      </if>
      <if test="x != null">
        #{x,jdbcType=DOUBLE},
      </if>
      <if test="y != null">
        #{y,jdbcType=DOUBLE},
      </if>
    </trim>
  </insert>
  <select id="countByExample" parameterType="com.i1314i.ourproject.po.javabean.FarmsExample" resultType="java.lang.Long">
    select count(*) from farms
    <if test="_parameter != null">
      <include refid="Example_Where_Clause" />
    </if>
  </select>
  <update id="updateByExampleSelective" parameterType="map">
    update farms
    <set>
      <if test="record.yangzhiId != null">
        yangzhi_id = #{record.yangzhiId,jdbcType=INTEGER},
      </if>
      <if test="record.name != null">
        name = #{record.name,jdbcType=VARCHAR},
      </if>
      <if test="record.zhenJie != null">
        zhen_jie = #{record.zhenJie,jdbcType=VARCHAR},
      </if>
      <if test="record.address != null">
        address = #{record.address,jdbcType=VARCHAR},
      </if>
      <if test="record.type != null">
        type = #{record.type,jdbcType=VARCHAR},
      </if>
      <if test="record.year != null">
        year = #{record.year,jdbcType=DATE},
      </if>
      <if test="record.cunLanGuimo != null">
        cun_lan_guimo = #{record.cunLanGuimo,jdbcType=VARCHAR},
      </if>
      <if test="record.nianChulanLiang != null">
        nian_chulan_liang = #{record.nianChulanLiang,jdbcType=VARCHAR},
      </if>
      <if test="record.fuzeren != null">
        fuzeren = #{record.fuzeren,jdbcType=VARCHAR},
      </if>
      <if test="record.lianxiren != null">
        lianxiren = #{record.lianxiren,jdbcType=VARCHAR},
      </if>
      <if test="record.lianxirenTel != null">
        lianxiren_tel = #{record.lianxirenTel,jdbcType=VARCHAR},
      </if>
      <if test="record.x != null">
        x = #{record.x,jdbcType=DOUBLE},
      </if>
      <if test="record.y != null">
        y = #{record.y,jdbcType=DOUBLE},
      </if>
    </set>
    <if test="_parameter != null">
      <include refid="Update_By_Example_Where_Clause" />
    </if>
  </update>
  <update id="updateByExample" parameterType="map">
    update farms
    set yangzhi_id = #{record.yangzhiId,jdbcType=INTEGER},
      name = #{record.name,jdbcType=VARCHAR},
      zhen_jie = #{record.zhenJie,jdbcType=VARCHAR},
      address = #{record.address,jdbcType=VARCHAR},
      type = #{record.type,jdbcType=VARCHAR},
      year = #{record.year,jdbcType=DATE},
      cun_lan_guimo = #{record.cunLanGuimo,jdbcType=VARCHAR},
      nian_chulan_liang = #{record.nianChulanLiang,jdbcType=VARCHAR},
      fuzeren = #{record.fuzeren,jdbcType=VARCHAR},
      lianxiren = #{record.lianxiren,jdbcType=VARCHAR},
      lianxiren_tel = #{record.lianxirenTel,jdbcType=VARCHAR},
      x = #{record.x,jdbcType=DOUBLE},
      y = #{record.y,jdbcType=DOUBLE}
    <if test="_parameter != null">
      <include refid="Update_By_Example_Where_Clause" />
    </if>
  </update>
  <update id="updateByPrimaryKeySelective" parameterType="com.i1314i.ourproject.po.javabean.Farms">
    update farms
    <set>
      <if test="name != null">
        name = #{name,jdbcType=VARCHAR},
      </if>
      <if test="zhenJie != null">
        zhen_jie = #{zhenJie,jdbcType=VARCHAR},
      </if>
      <if test="address != null">
        address = #{address,jdbcType=VARCHAR},
      </if>
      <if test="type != null">
        type = #{type,jdbcType=VARCHAR},
      </if>
      <if test="year != null">
        year = #{year,jdbcType=DATE},
      </if>
      <if test="cunLanGuimo != null">
        cun_lan_guimo = #{cunLanGuimo,jdbcType=VARCHAR},
      </if>
      <if test="nianChulanLiang != null">
        nian_chulan_liang = #{nianChulanLiang,jdbcType=VARCHAR},
      </if>
      <if test="fuzeren != null">
        fuzeren = #{fuzeren,jdbcType=VARCHAR},
      </if>
      <if test="lianxiren != null">
        lianxiren = #{lianxiren,jdbcType=VARCHAR},
      </if>
      <if test="lianxirenTel != null">
        lianxiren_tel = #{lianxirenTel,jdbcType=VARCHAR},
      </if>
      <if test="x != null">
        x = #{x,jdbcType=DOUBLE},
      </if>
      <if test="y != null">
        y = #{y,jdbcType=DOUBLE},
      </if>
    </set>
    where yangzhi_id = #{yangzhiId,jdbcType=INTEGER}
  </update>
  <update id="updateByPrimaryKey" parameterType="com.i1314i.ourproject.po.javabean.Farms">
    update farms
    set name = #{name,jdbcType=VARCHAR},
      zhen_jie = #{zhenJie,jdbcType=VARCHAR},
      address = #{address,jdbcType=VARCHAR},
      type = #{type,jdbcType=VARCHAR},
      year = #{year,jdbcType=DATE},
      cun_lan_guimo = #{cunLanGuimo,jdbcType=VARCHAR},
      nian_chulan_liang = #{nianChulanLiang,jdbcType=VARCHAR},
      fuzeren = #{fuzeren,jdbcType=VARCHAR},
      lianxiren = #{lianxiren,jdbcType=VARCHAR},
      lianxiren_tel = #{lianxirenTel,jdbcType=VARCHAR},
      x = #{x,jdbcType=DOUBLE},
      y = #{y,jdbcType=DOUBLE}
    where yangzhi_id = #{yangzhiId,jdbcType=INTEGER}
  </update>
</mapper>