<?xml version="1.0" encoding="UTF-8"?>
<!DOCTYPE mapper PUBLIC "-//mybatis.org//DTD Mapper 3.0//EN" "http://mybatis.org/dtd/mybatis-3-mapper.dtd">
<mapper namespace="com.i1314i.ourproject.mapper.GongYingXinXiMapper">
  <resultMap id="BaseResultMap" type="com.i1314i.ourproject.po.javabean.GongYingXinXi">
    <id column="gong_ying_id" jdbcType="INTEGER" property="gongYingId" />
    <result column="chan_pin_ming_cheng" jdbcType="VARCHAR" property="chanPinMingCheng" />
    <result column="price " jdbcType="DOUBLE" property="price" />
    <result column="tel" jdbcType="VARCHAR" property="tel" />
    <result column="time" jdbcType="DATE" property="time" />
    <result column="fa_huo_di" jdbcType="VARCHAR" property="faHuoDi" />
    <result column="image_url" jdbcType="VARCHAR" property="imageUrl" />
    <result column="chan_pin_jian_jie" jdbcType="VARCHAR" property="chanPinJianJie" />
    <result column="beiyong1" jdbcType="VARCHAR" property="beiyong1" />
    <result column="beiyong2" jdbcType="VARCHAR" property="beiyong2" />
    <result column="shenhe" jdbcType="VARCHAR" property="shenhe" />
    <result column="yuanyin" jdbcType="VARCHAR" property="yuanyin" />
    <result column="beiyong3" jdbcType="VARCHAR" property="beiyong3" />
    <result column="beiyong4" jdbcType="VARCHAR" property="beiyong4" />
    <result column="beiyong5" jdbcType="VARCHAR" property="beiyong5" />
    <result column="bumen" jdbcType="INTEGER" property="bumen" />
    <result column="image_id" jdbcType="INTEGER" property="imageId" />
  </resultMap>
  <sql id="Example_Where_Clause">
    <where>
      <foreach collection="oredCriteria" item="criteria" separator="or">
        <if test="criteria.valid">
          <trim prefix="(" prefixOverrides="and" suffix=")">
            <foreach collection="criteria.criteria" item="criterion">
              <choose>
                <when test="criterion.noValue">
                  and ${criterion.condition}
                </when>
                <when test="criterion.singleValue">
                  and ${criterion.condition} #{criterion.value}
                </when>
                <when test="criterion.betweenValue">
                  and ${criterion.condition} #{criterion.value} and #{criterion.secondValue}
                </when>
                <when test="criterion.listValue">
                  and ${criterion.condition}
                  <foreach close=")" collection="criterion.value" item="listItem" open="(" separator=",">
                    #{listItem}
                  </foreach>
                </when>
              </choose>
            </foreach>
          </trim>
        </if>
      </foreach>
    </where>
  </sql>
  <sql id="Update_By_Example_Where_Clause">
    <where>
      <foreach collection="example.oredCriteria" item="criteria" separator="or">
        <if test="criteria.valid">
          <trim prefix="(" prefixOverrides="and" suffix=")">
            <foreach collection="criteria.criteria" item="criterion">
              <choose>
                <when test="criterion.noValue">
                  and ${criterion.condition}
                </when>
                <when test="criterion.singleValue">
                  and ${criterion.condition} #{criterion.value}
                </when>
                <when test="criterion.betweenValue">
                  and ${criterion.condition} #{criterion.value} and #{criterion.secondValue}
                </when>
                <when test="criterion.listValue">
                  and ${criterion.condition}
                  <foreach close=")" collection="criterion.value" item="listItem" open="(" separator=",">
                    #{listItem}
                  </foreach>
                </when>
              </choose>
            </foreach>
          </trim>
        </if>
      </foreach>
    </where>
  </sql>
  <sql id="Base_Column_List">
    gong_ying_id, chan_pin_ming_cheng, "price ", tel, time, fa_huo_di, image_url, chan_pin_jian_jie, 
    beiyong1, beiyong2, shenhe, yuanyin, beiyong3, beiyong4, beiyong5, bumen, image_id
  </sql>
  <select id="selectByExample" parameterType="com.i1314i.ourproject.po.javabean.GongYingXinXiExample" resultMap="BaseResultMap">
    select
    <if test="distinct">
      distinct
    </if>
    <include refid="Base_Column_List" />
    from gong_ying_xin_xi
    <if test="_parameter != null">
      <include refid="Example_Where_Clause" />
    </if>
    <if test="orderByClause != null">
      order by ${orderByClause}
    </if>
  </select>
  <select id="selectByPrimaryKey" parameterType="java.lang.Integer" resultMap="BaseResultMap">
    select 
    <include refid="Base_Column_List" />
    from gong_ying_xin_xi
    where gong_ying_id = #{gongYingId,jdbcType=INTEGER}
  </select>
  <delete id="deleteByPrimaryKey" parameterType="java.lang.Integer">
    delete from gong_ying_xin_xi
    where gong_ying_id = #{gongYingId,jdbcType=INTEGER}
  </delete>
  <delete id="deleteByExample" parameterType="com.i1314i.ourproject.po.javabean.GongYingXinXiExample">
    delete from gong_ying_xin_xi
    <if test="_parameter != null">
      <include refid="Example_Where_Clause" />
    </if>
  </delete>
  <insert id="insert" parameterType="com.i1314i.ourproject.po.javabean.GongYingXinXi">
    insert into gong_ying_xin_xi (gong_ying_id, chan_pin_ming_cheng, "price ", 
      tel, time, fa_huo_di, image_url, 
      chan_pin_jian_jie, beiyong1, beiyong2, 
      shenhe, yuanyin, beiyong3, 
      beiyong4, beiyong5, bumen, 
      image_id)
    values (#{gongYingId,jdbcType=INTEGER}, #{chanPinMingCheng,jdbcType=VARCHAR}, #{price,jdbcType=DOUBLE}, 
      #{tel,jdbcType=VARCHAR}, #{time,jdbcType=DATE}, #{faHuoDi,jdbcType=VARCHAR}, #{imageUrl,jdbcType=VARCHAR}, 
      #{chanPinJianJie,jdbcType=VARCHAR}, #{beiyong1,jdbcType=VARCHAR}, #{beiyong2,jdbcType=VARCHAR}, 
      #{shenhe,jdbcType=VARCHAR}, #{yuanyin,jdbcType=VARCHAR}, #{beiyong3,jdbcType=VARCHAR}, 
      #{beiyong4,jdbcType=VARCHAR}, #{beiyong5,jdbcType=VARCHAR}, #{bumen,jdbcType=INTEGER}, 
      #{imageId,jdbcType=INTEGER})
  </insert>
  <insert id="insertSelective" parameterType="com.i1314i.ourproject.po.javabean.GongYingXinXi">
    insert into gong_ying_xin_xi
    <trim prefix="(" suffix=")" suffixOverrides=",">
      <if test="gongYingId != null">
        gong_ying_id,
      </if>
      <if test="chanPinMingCheng != null">
        chan_pin_ming_cheng,
      </if>
      <if test="price != null">
        "price ",
      </if>
      <if test="tel != null">
        tel,
      </if>
      <if test="time != null">
        time,
      </if>
      <if test="faHuoDi != null">
        fa_huo_di,
      </if>
      <if test="imageUrl != null">
        image_url,
      </if>
      <if test="chanPinJianJie != null">
        chan_pin_jian_jie,
      </if>
      <if test="beiyong1 != null">
        beiyong1,
      </if>
      <if test="beiyong2 != null">
        beiyong2,
      </if>
      <if test="shenhe != null">
        shenhe,
      </if>
      <if test="yuanyin != null">
        yuanyin,
      </if>
      <if test="beiyong3 != null">
        beiyong3,
      </if>
      <if test="beiyong4 != null">
        beiyong4,
      </if>
      <if test="beiyong5 != null">
        beiyong5,
      </if>
      <if test="bumen != null">
        bumen,
      </if>
      <if test="imageId != null">
        image_id,
      </if>
    </trim>
    <trim prefix="values (" suffix=")" suffixOverrides=",">
      <if test="gongYingId != null">
        #{gongYingId,jdbcType=INTEGER},
      </if>
      <if test="chanPinMingCheng != null">
        #{chanPinMingCheng,jdbcType=VARCHAR},
      </if>
      <if test="price != null">
        #{price,jdbcType=DOUBLE},
      </if>
      <if test="tel != null">
        #{tel,jdbcType=VARCHAR},
      </if>
      <if test="time != null">
        #{time,jdbcType=DATE},
      </if>
      <if test="faHuoDi != null">
        #{faHuoDi,jdbcType=VARCHAR},
      </if>
      <if test="imageUrl != null">
        #{imageUrl,jdbcType=VARCHAR},
      </if>
      <if test="chanPinJianJie != null">
        #{chanPinJianJie,jdbcType=VARCHAR},
      </if>
      <if test="beiyong1 != null">
        #{beiyong1,jdbcType=VARCHAR},
      </if>
      <if test="beiyong2 != null">
        #{beiyong2,jdbcType=VARCHAR},
      </if>
      <if test="shenhe != null">
        #{shenhe,jdbcType=VARCHAR},
      </if>
      <if test="yuanyin != null">
        #{yuanyin,jdbcType=VARCHAR},
      </if>
      <if test="beiyong3 != null">
        #{beiyong3,jdbcType=VARCHAR},
      </if>
      <if test="beiyong4 != null">
        #{beiyong4,jdbcType=VARCHAR},
      </if>
      <if test="beiyong5 != null">
        #{beiyong5,jdbcType=VARCHAR},
      </if>
      <if test="bumen != null">
        #{bumen,jdbcType=INTEGER},
      </if>
      <if test="imageId != null">
        #{imageId,jdbcType=INTEGER},
      </if>
    </trim>
  </insert>
  <select id="countByExample" parameterType="com.i1314i.ourproject.po.javabean.GongYingXinXiExample" resultType="java.lang.Long">
    select count(*) from gong_ying_xin_xi
    <if test="_parameter != null">
      <include refid="Example_Where_Clause" />
    </if>
  </select>
  <update id="updateByExampleSelective" parameterType="map">
    update gong_ying_xin_xi
    <set>
      <if test="record.gongYingId != null">
        gong_ying_id = #{record.gongYingId,jdbcType=INTEGER},
      </if>
      <if test="record.chanPinMingCheng != null">
        chan_pin_ming_cheng = #{record.chanPinMingCheng,jdbcType=VARCHAR},
      </if>
      <if test="record.price != null">
        "price " = #{record.price,jdbcType=DOUBLE},
      </if>
      <if test="record.tel != null">
        tel = #{record.tel,jdbcType=VARCHAR},
      </if>
      <if test="record.time != null">
        time = #{record.time,jdbcType=DATE},
      </if>
      <if test="record.faHuoDi != null">
        fa_huo_di = #{record.faHuoDi,jdbcType=VARCHAR},
      </if>
      <if test="record.imageUrl != null">
        image_url = #{record.imageUrl,jdbcType=VARCHAR},
      </if>
      <if test="record.chanPinJianJie != null">
        chan_pin_jian_jie = #{record.chanPinJianJie,jdbcType=VARCHAR},
      </if>
      <if test="record.beiyong1 != null">
        beiyong1 = #{record.beiyong1,jdbcType=VARCHAR},
      </if>
      <if test="record.beiyong2 != null">
        beiyong2 = #{record.beiyong2,jdbcType=VARCHAR},
      </if>
      <if test="record.shenhe != null">
        shenhe = #{record.shenhe,jdbcType=VARCHAR},
      </if>
      <if test="record.yuanyin != null">
        yuanyin = #{record.yuanyin,jdbcType=VARCHAR},
      </if>
      <if test="record.beiyong3 != null">
        beiyong3 = #{record.beiyong3,jdbcType=VARCHAR},
      </if>
      <if test="record.beiyong4 != null">
        beiyong4 = #{record.beiyong4,jdbcType=VARCHAR},
      </if>
      <if test="record.beiyong5 != null">
        beiyong5 = #{record.beiyong5,jdbcType=VARCHAR},
      </if>
      <if test="record.bumen != null">
        bumen = #{record.bumen,jdbcType=INTEGER},
      </if>
      <if test="record.imageId != null">
        image_id = #{record.imageId,jdbcType=INTEGER},
      </if>
    </set>
    <if test="_parameter != null">
      <include refid="Update_By_Example_Where_Clause" />
    </if>
  </update>
  <update id="updateByExample" parameterType="map">
    update gong_ying_xin_xi
    set gong_ying_id = #{record.gongYingId,jdbcType=INTEGER},
      chan_pin_ming_cheng = #{record.chanPinMingCheng,jdbcType=VARCHAR},
      "price " = #{record.price,jdbcType=DOUBLE},
      tel = #{record.tel,jdbcType=VARCHAR},
      time = #{record.time,jdbcType=DATE},
      fa_huo_di = #{record.faHuoDi,jdbcType=VARCHAR},
      image_url = #{record.imageUrl,jdbcType=VARCHAR},
      chan_pin_jian_jie = #{record.chanPinJianJie,jdbcType=VARCHAR},
      beiyong1 = #{record.beiyong1,jdbcType=VARCHAR},
      beiyong2 = #{record.beiyong2,jdbcType=VARCHAR},
      shenhe = #{record.shenhe,jdbcType=VARCHAR},
      yuanyin = #{record.yuanyin,jdbcType=VARCHAR},
      beiyong3 = #{record.beiyong3,jdbcType=VARCHAR},
      beiyong4 = #{record.beiyong4,jdbcType=VARCHAR},
      beiyong5 = #{record.beiyong5,jdbcType=VARCHAR},
      bumen = #{record.bumen,jdbcType=INTEGER},
      image_id = #{record.imageId,jdbcType=INTEGER}
    <if test="_parameter != null">
      <include refid="Update_By_Example_Where_Clause" />
    </if>
  </update>
  <update id="updateByPrimaryKeySelective" parameterType="com.i1314i.ourproject.po.javabean.GongYingXinXi">
    update gong_ying_xin_xi
    <set>
      <if test="chanPinMingCheng != null">
        chan_pin_ming_cheng = #{chanPinMingCheng,jdbcType=VARCHAR},
      </if>
      <if test="price != null">
        "price " = #{price,jdbcType=DOUBLE},
      </if>
      <if test="tel != null">
        tel = #{tel,jdbcType=VARCHAR},
      </if>
      <if test="time != null">
        time = #{time,jdbcType=DATE},
      </if>
      <if test="faHuoDi != null">
        fa_huo_di = #{faHuoDi,jdbcType=VARCHAR},
      </if>
      <if test="imageUrl != null">
        image_url = #{imageUrl,jdbcType=VARCHAR},
      </if>
      <if test="chanPinJianJie != null">
        chan_pin_jian_jie = #{chanPinJianJie,jdbcType=VARCHAR},
      </if>
      <if test="beiyong1 != null">
        beiyong1 = #{beiyong1,jdbcType=VARCHAR},
      </if>
      <if test="beiyong2 != null">
        beiyong2 = #{beiyong2,jdbcType=VARCHAR},
      </if>
      <if test="shenhe != null">
        shenhe = #{shenhe,jdbcType=VARCHAR},
      </if>
      <if test="yuanyin != null">
        yuanyin = #{yuanyin,jdbcType=VARCHAR},
      </if>
      <if test="beiyong3 != null">
        beiyong3 = #{beiyong3,jdbcType=VARCHAR},
      </if>
      <if test="beiyong4 != null">
        beiyong4 = #{beiyong4,jdbcType=VARCHAR},
      </if>
      <if test="beiyong5 != null">
        beiyong5 = #{beiyong5,jdbcType=VARCHAR},
      </if>
      <if test="bumen != null">
        bumen = #{bumen,jdbcType=INTEGER},
      </if>
      <if test="imageId != null">
        image_id = #{imageId,jdbcType=INTEGER},
      </if>
    </set>
    where gong_ying_id = #{gongYingId,jdbcType=INTEGER}
  </update>
  <update id="updateByPrimaryKey" parameterType="com.i1314i.ourproject.po.javabean.GongYingXinXi">
    update gong_ying_xin_xi
    set chan_pin_ming_cheng = #{chanPinMingCheng,jdbcType=VARCHAR},
      "price " = #{price,jdbcType=DOUBLE},
      tel = #{tel,jdbcType=VARCHAR},
      time = #{time,jdbcType=DATE},
      fa_huo_di = #{faHuoDi,jdbcType=VARCHAR},
      image_url = #{imageUrl,jdbcType=VARCHAR},
      chan_pin_jian_jie = #{chanPinJianJie,jdbcType=VARCHAR},
      beiyong1 = #{beiyong1,jdbcType=VARCHAR},
      beiyong2 = #{beiyong2,jdbcType=VARCHAR},
      shenhe = #{shenhe,jdbcType=VARCHAR},
      yuanyin = #{yuanyin,jdbcType=VARCHAR},
      beiyong3 = #{beiyong3,jdbcType=VARCHAR},
      beiyong4 = #{beiyong4,jdbcType=VARCHAR},
      beiyong5 = #{beiyong5,jdbcType=VARCHAR},
      bumen = #{bumen,jdbcType=INTEGER},
      image_id = #{imageId,jdbcType=INTEGER}
    where gong_ying_id = #{gongYingId,jdbcType=INTEGER}
  </update>
</mapper>