<?xml version="1.0" encoding="UTF-8"?>
<!DOCTYPE mapper PUBLIC "-//mybatis.org//DTD Mapper 3.0//EN" "http://mybatis.org/dtd/mybatis-3-mapper.dtd">
<mapper namespace="com.i1314i.ourproject.mapper.GongZuoDiDianMapper">
  <resultMap id="BaseResultMap" type="com.i1314i.ourproject.po.javabean.GongZuoDiDian">
    <id column="gongzuo_id" jdbcType="INTEGER" property="gongzuoId" />
    <result column="shi" jdbcType="VARCHAR" property="shi" />
    <result column="jie_zhen" jdbcType="VARCHAR" property="jieZhen" />
    <result column="shequ" jdbcType="VARCHAR" property="shequ" />
    <result column="beiyong1" jdbcType="VARCHAR" property="beiyong1" />
    <result column="beiyong2" jdbcType="VARCHAR" property="beiyong2" />
  </resultMap>
  <sql id="Example_Where_Clause">
    <where>
      <foreach collection="oredCriteria" item="criteria" separator="or">
        <if test="criteria.valid">
          <trim prefix="(" prefixOverrides="and" suffix=")">
            <foreach collection="criteria.criteria" item="criterion">
              <choose>
                <when test="criterion.noValue">
                  and ${criterion.condition}
                </when>
                <when test="criterion.singleValue">
                  and ${criterion.condition} #{criterion.value}
                </when>
                <when test="criterion.betweenValue">
                  and ${criterion.condition} #{criterion.value} and #{criterion.secondValue}
                </when>
                <when test="criterion.listValue">
                  and ${criterion.condition}
                  <foreach close=")" collection="criterion.value" item="listItem" open="(" separator=",">
                    #{listItem}
                  </foreach>
                </when>
              </choose>
            </foreach>
          </trim>
        </if>
      </foreach>
    </where>
  </sql>
  <sql id="Update_By_Example_Where_Clause">
    <where>
      <foreach collection="example.oredCriteria" item="criteria" separator="or">
        <if test="criteria.valid">
          <trim prefix="(" prefixOverrides="and" suffix=")">
            <foreach collection="criteria.criteria" item="criterion">
              <choose>
                <when test="criterion.noValue">
                  and ${criterion.condition}
                </when>
                <when test="criterion.singleValue">
                  and ${criterion.condition} #{criterion.value}
                </when>
                <when test="criterion.betweenValue">
                  and ${criterion.condition} #{criterion.value} and #{criterion.secondValue}
                </when>
                <when test="criterion.listValue">
                  and ${criterion.condition}
                  <foreach close=")" collection="criterion.value" item="listItem" open="(" separator=",">
                    #{listItem}
                  </foreach>
                </when>
              </choose>
            </foreach>
          </trim>
        </if>
      </foreach>
    </where>
  </sql>
  <sql id="Base_Column_List">
    gongzuo_id, shi, jie_zhen, shequ, beiyong1, beiyong2
  </sql>
  <select id="selectByExample" parameterType="com.i1314i.ourproject.po.javabean.GongZuoDiDianExample" resultMap="BaseResultMap">
    select
    <if test="distinct">
      distinct
    </if>
    <include refid="Base_Column_List" />
    from gong_zuo_di_dian
    <if test="_parameter != null">
      <include refid="Example_Where_Clause" />
    </if>
    <if test="orderByClause != null">
      order by ${orderByClause}
    </if>
  </select>
  <select id="selectByPrimaryKey" parameterType="java.lang.Integer" resultMap="BaseResultMap">
    select 
    <include refid="Base_Column_List" />
    from gong_zuo_di_dian
    where gongzuo_id = #{gongzuoId,jdbcType=INTEGER}
  </select>
  <delete id="deleteByPrimaryKey" parameterType="java.lang.Integer">
    delete from gong_zuo_di_dian
    where gongzuo_id = #{gongzuoId,jdbcType=INTEGER}
  </delete>
  <delete id="deleteByExample" parameterType="com.i1314i.ourproject.po.javabean.GongZuoDiDianExample">
    delete from gong_zuo_di_dian
    <if test="_parameter != null">
      <include refid="Example_Where_Clause" />
    </if>
  </delete>
  <insert id="insert" parameterType="com.i1314i.ourproject.po.javabean.GongZuoDiDian">
    insert into gong_zuo_di_dian (gongzuo_id, shi, jie_zhen, 
      shequ, beiyong1, beiyong2
      )
    values (#{gongzuoId,jdbcType=INTEGER}, #{shi,jdbcType=VARCHAR}, #{jieZhen,jdbcType=VARCHAR}, 
      #{shequ,jdbcType=VARCHAR}, #{beiyong1,jdbcType=VARCHAR}, #{beiyong2,jdbcType=VARCHAR}
      )
  </insert>
  <insert id="insertSelective" parameterType="com.i1314i.ourproject.po.javabean.GongZuoDiDian">
    insert into gong_zuo_di_dian
    <trim prefix="(" suffix=")" suffixOverrides=",">
      <if test="gongzuoId != null">
        gongzuo_id,
      </if>
      <if test="shi != null">
        shi,
      </if>
      <if test="jieZhen != null">
        jie_zhen,
      </if>
      <if test="shequ != null">
        shequ,
      </if>
      <if test="beiyong1 != null">
        beiyong1,
      </if>
      <if test="beiyong2 != null">
        beiyong2,
      </if>
    </trim>
    <trim prefix="values (" suffix=")" suffixOverrides=",">
      <if test="gongzuoId != null">
        #{gongzuoId,jdbcType=INTEGER},
      </if>
      <if test="shi != null">
        #{shi,jdbcType=VARCHAR},
      </if>
      <if test="jieZhen != null">
        #{jieZhen,jdbcType=VARCHAR},
      </if>
      <if test="shequ != null">
        #{shequ,jdbcType=VARCHAR},
      </if>
      <if test="beiyong1 != null">
        #{beiyong1,jdbcType=VARCHAR},
      </if>
      <if test="beiyong2 != null">
        #{beiyong2,jdbcType=VARCHAR},
      </if>
    </trim>
  </insert>
  <select id="countByExample" parameterType="com.i1314i.ourproject.po.javabean.GongZuoDiDianExample" resultType="java.lang.Long">
    select count(*) from gong_zuo_di_dian
    <if test="_parameter != null">
      <include refid="Example_Where_Clause" />
    </if>
  </select>
  <update id="updateByExampleSelective" parameterType="map">
    update gong_zuo_di_dian
    <set>
      <if test="record.gongzuoId != null">
        gongzuo_id = #{record.gongzuoId,jdbcType=INTEGER},
      </if>
      <if test="record.shi != null">
        shi = #{record.shi,jdbcType=VARCHAR},
      </if>
      <if test="record.jieZhen != null">
        jie_zhen = #{record.jieZhen,jdbcType=VARCHAR},
      </if>
      <if test="record.shequ != null">
        shequ = #{record.shequ,jdbcType=VARCHAR},
      </if>
      <if test="record.beiyong1 != null">
        beiyong1 = #{record.beiyong1,jdbcType=VARCHAR},
      </if>
      <if test="record.beiyong2 != null">
        beiyong2 = #{record.beiyong2,jdbcType=VARCHAR},
      </if>
    </set>
    <if test="_parameter != null">
      <include refid="Update_By_Example_Where_Clause" />
    </if>
  </update>
  <update id="updateByExample" parameterType="map">
    update gong_zuo_di_dian
    set gongzuo_id = #{record.gongzuoId,jdbcType=INTEGER},
      shi = #{record.shi,jdbcType=VARCHAR},
      jie_zhen = #{record.jieZhen,jdbcType=VARCHAR},
      shequ = #{record.shequ,jdbcType=VARCHAR},
      beiyong1 = #{record.beiyong1,jdbcType=VARCHAR},
      beiyong2 = #{record.beiyong2,jdbcType=VARCHAR}
    <if test="_parameter != null">
      <include refid="Update_By_Example_Where_Clause" />
    </if>
  </update>
  <update id="updateByPrimaryKeySelective" parameterType="com.i1314i.ourproject.po.javabean.GongZuoDiDian">
    update gong_zuo_di_dian
    <set>
      <if test="shi != null">
        shi = #{shi,jdbcType=VARCHAR},
      </if>
      <if test="jieZhen != null">
        jie_zhen = #{jieZhen,jdbcType=VARCHAR},
      </if>
      <if test="shequ != null">
        shequ = #{shequ,jdbcType=VARCHAR},
      </if>
      <if test="beiyong1 != null">
        beiyong1 = #{beiyong1,jdbcType=VARCHAR},
      </if>
      <if test="beiyong2 != null">
        beiyong2 = #{beiyong2,jdbcType=VARCHAR},
      </if>
    </set>
    where gongzuo_id = #{gongzuoId,jdbcType=INTEGER}
  </update>
  <update id="updateByPrimaryKey" parameterType="com.i1314i.ourproject.po.javabean.GongZuoDiDian">
    update gong_zuo_di_dian
    set shi = #{shi,jdbcType=VARCHAR},
      jie_zhen = #{jieZhen,jdbcType=VARCHAR},
      shequ = #{shequ,jdbcType=VARCHAR},
      beiyong1 = #{beiyong1,jdbcType=VARCHAR},
      beiyong2 = #{beiyong2,jdbcType=VARCHAR}
    where gongzuo_id = #{gongzuoId,jdbcType=INTEGER}
  </update>
</mapper>