<?xml version="1.0" encoding="UTF-8"?>
<!DOCTYPE mapper PUBLIC "-//mybatis.org//DTD Mapper 3.0//EN" "http://mybatis.org/dtd/mybatis-3-mapper.dtd">
<mapper namespace="com.i1314i.ourproject.mapper.HuiNongImageMapper">
  <resultMap id="BaseResultMap" type="com.i1314i.ourproject.po.javabean.HuiNongImage">
    <id column="image_id" jdbcType="INTEGER" property="imageId" />
    <result column="shuming" jdbcType="VARCHAR" property="shuming" />
    <result column="image_url" jdbcType="VARCHAR" property="imageUrl" />
    <result column="beiyong1" jdbcType="VARCHAR" property="beiyong1" />
    <result column="beiyong2" jdbcType="VARCHAR" property="beiyong2" />
  </resultMap>
  <sql id="Example_Where_Clause">
    <where>
      <foreach collection="oredCriteria" item="criteria" separator="or">
        <if test="criteria.valid">
          <trim prefix="(" prefixOverrides="and" suffix=")">
            <foreach collection="criteria.criteria" item="criterion">
              <choose>
                <when test="criterion.noValue">
                  and ${criterion.condition}
                </when>
                <when test="criterion.singleValue">
                  and ${criterion.condition} #{criterion.value}
                </when>
                <when test="criterion.betweenValue">
                  and ${criterion.condition} #{criterion.value} and #{criterion.secondValue}
                </when>
                <when test="criterion.listValue">
                  and ${criterion.condition}
                  <foreach close=")" collection="criterion.value" item="listItem" open="(" separator=",">
                    #{listItem}
                  </foreach>
                </when>
              </choose>
            </foreach>
          </trim>
        </if>
      </foreach>
    </where>
  </sql>
  <sql id="Update_By_Example_Where_Clause">
    <where>
      <foreach collection="example.oredCriteria" item="criteria" separator="or">
        <if test="criteria.valid">
          <trim prefix="(" prefixOverrides="and" suffix=")">
            <foreach collection="criteria.criteria" item="criterion">
              <choose>
                <when test="criterion.noValue">
                  and ${criterion.condition}
                </when>
                <when test="criterion.singleValue">
                  and ${criterion.condition} #{criterion.value}
                </when>
                <when test="criterion.betweenValue">
                  and ${criterion.condition} #{criterion.value} and #{criterion.secondValue}
                </when>
                <when test="criterion.listValue">
                  and ${criterion.condition}
                  <foreach close=")" collection="criterion.value" item="listItem" open="(" separator=",">
                    #{listItem}
                  </foreach>
                </when>
              </choose>
            </foreach>
          </trim>
        </if>
      </foreach>
    </where>
  </sql>
  <sql id="Base_Column_List">
    image_id, shuming, image_url, beiyong1, beiyong2
  </sql>
  <select id="selectByExample" parameterType="com.i1314i.ourproject.po.javabean.HuiNongImageExample" resultMap="BaseResultMap">
    select
    <if test="distinct">
      distinct
    </if>
    <include refid="Base_Column_List" />
    from hui_nong_image
    <if test="_parameter != null">
      <include refid="Example_Where_Clause" />
    </if>
    <if test="orderByClause != null">
      order by ${orderByClause}
    </if>
  </select>
  <select id="selectByPrimaryKey" parameterType="java.lang.Integer" resultMap="BaseResultMap">
    select 
    <include refid="Base_Column_List" />
    from hui_nong_image
    where image_id = #{imageId,jdbcType=INTEGER}
  </select>
  <delete id="deleteByPrimaryKey" parameterType="java.lang.Integer">
    delete from hui_nong_image
    where image_id = #{imageId,jdbcType=INTEGER}
  </delete>
  <delete id="deleteByExample" parameterType="com.i1314i.ourproject.po.javabean.HuiNongImageExample">
    delete from hui_nong_image
    <if test="_parameter != null">
      <include refid="Example_Where_Clause" />
    </if>
  </delete>
  <insert id="insert" parameterType="com.i1314i.ourproject.po.javabean.HuiNongImage">
    insert into hui_nong_image (image_id, shuming, image_url, 
      beiyong1, beiyong2)
    values (#{imageId,jdbcType=INTEGER}, #{shuming,jdbcType=VARCHAR}, #{imageUrl,jdbcType=VARCHAR}, 
      #{beiyong1,jdbcType=VARCHAR}, #{beiyong2,jdbcType=VARCHAR})
  </insert>
  <insert id="insertSelective" parameterType="com.i1314i.ourproject.po.javabean.HuiNongImage" useGeneratedKeys="true" keyProperty="imageId" keyColumn="image_id">
    insert into hui_nong_image
    <trim prefix="(" suffix=")" suffixOverrides=",">
      <if test="imageId != null">
        image_id,
      </if>
      <if test="shuming != null">
        shuming,
      </if>
      <if test="imageUrl != null">
        image_url,
      </if>
      <if test="beiyong1 != null">
        beiyong1,
      </if>
      <if test="beiyong2 != null">
        beiyong2,
      </if>
    </trim>
    <trim prefix="values (" suffix=")" suffixOverrides=",">
      <if test="imageId != null">
        #{imageId,jdbcType=INTEGER},
      </if>
      <if test="shuming != null">
        #{shuming,jdbcType=VARCHAR},
      </if>
      <if test="imageUrl != null">
        #{imageUrl,jdbcType=VARCHAR},
      </if>
      <if test="beiyong1 != null">
        #{beiyong1,jdbcType=VARCHAR},
      </if>
      <if test="beiyong2 != null">
        #{beiyong2,jdbcType=VARCHAR},
      </if>
    </trim>
  </insert>
  <select id="countByExample" parameterType="com.i1314i.ourproject.po.javabean.HuiNongImageExample" resultType="java.lang.Long">
    select count(*) from hui_nong_image
    <if test="_parameter != null">
      <include refid="Example_Where_Clause" />
    </if>
  </select>
  <update id="updateByExampleSelective" parameterType="map" useGeneratedKeys="true" keyProperty="imageId" keyColumn="image_id">
    update hui_nong_image
    <set>
      <if test="record.imageId != null">
        image_id = #{record.imageId,jdbcType=INTEGER},
      </if>
      <if test="record.shuming != null">
        shuming = #{record.shuming,jdbcType=VARCHAR},
      </if>
      <if test="record.imageUrl != null">
        image_url = #{record.imageUrl,jdbcType=VARCHAR},
      </if>
      <if test="record.beiyong1 != null">
        beiyong1 = #{record.beiyong1,jdbcType=VARCHAR},
      </if>
      <if test="record.beiyong2 != null">
        beiyong2 = #{record.beiyong2,jdbcType=VARCHAR},
      </if>
    </set>
    <if test="_parameter != null">
      <include refid="Update_By_Example_Where_Clause" />
    </if>
  </update>
  <update id="updateByExample" parameterType="map" useGeneratedKeys="true" keyProperty="imageId" keyColumn="image_id">
    update hui_nong_image
    set image_id = #{record.imageId,jdbcType=INTEGER},
      shuming = #{record.shuming,jdbcType=VARCHAR},
      image_url = #{record.imageUrl,jdbcType=VARCHAR},
      beiyong1 = #{record.beiyong1,jdbcType=VARCHAR},
      beiyong2 = #{record.beiyong2,jdbcType=VARCHAR}
    <if test="_parameter != null">
      <include refid="Update_By_Example_Where_Clause" />
    </if>
  </update>
  <update id="updateByPrimaryKeySelective" parameterType="com.i1314i.ourproject.po.javabean.HuiNongImage" useGeneratedKeys="true" keyProperty="imageId" keyColumn="image_id">
    update hui_nong_image
    <set>
      <if test="shuming != null">
        shuming = #{shuming,jdbcType=VARCHAR},
      </if>
      <if test="imageUrl != null">
        image_url = #{imageUrl,jdbcType=VARCHAR},
      </if>
      <if test="beiyong1 != null">
        beiyong1 = #{beiyong1,jdbcType=VARCHAR},
      </if>
      <if test="beiyong2 != null">
        beiyong2 = #{beiyong2,jdbcType=VARCHAR},
      </if>
    </set>
    where image_id = #{imageId,jdbcType=INTEGER}
  </update>
  <update id="updateByPrimaryKey" parameterType="com.i1314i.ourproject.po.javabean.HuiNongImage" useGeneratedKeys="true" keyProperty="imageId" keyColumn="image_id">
    update hui_nong_image
    set shuming = #{shuming,jdbcType=VARCHAR},
      image_url = #{imageUrl,jdbcType=VARCHAR},
      beiyong1 = #{beiyong1,jdbcType=VARCHAR},
      beiyong2 = #{beiyong2,jdbcType=VARCHAR}
    where image_id = #{imageId,jdbcType=INTEGER}
  </update>

    <!--自加-->
    <select id="selectByName" parameterType="java.lang.String" resultMap="BaseResultMap">
        select * from hui_nong_image where shuming = #{shuming,jdbcType=VARCHAR}
    </select>

    <update id="updateByName" useGeneratedKeys="true" keyProperty="imageId" keyColumn="image_id" parameterType="java.lang.String">
        <selectKey keyProperty='imageId' resultType='int' order='BEFORE'>

            select image_id FROM hui_nong_image WHERE
            shuming = #{0}

        </selectKey>
        update hui_nong_image set image_url=#{1} where  shuming = #{0}
    </update>
</mapper>