<?xml version="1.0" encoding="UTF-8"?>
<!DOCTYPE mapper PUBLIC "-//mybatis.org//DTD Mapper 3.0//EN" "http://mybatis.org/dtd/mybatis-3-mapper.dtd">
<mapper namespace="com.i1314i.ourproject.mapper.HuiNongChanPinZhongLeiMapper">
  <resultMap id="BaseResultMap" type="com.i1314i.ourproject.po.javabean.HuiNongChanPinZhongLei">
    <id column="chan_pin_zhong_lei_id" jdbcType="INTEGER" property="chanPinZhongLeiId" />
    <result column="chan_pin_ming_cheng" jdbcType="VARCHAR" property="chanPinMingCheng" />
    <result column="lei_bie" jdbcType="VARCHAR" property="leiBie" />
    <result column="beiyong1" jdbcType="VARCHAR" property="beiyong1" />
    <result column="beiyong2" jdbcType="VARCHAR" property="beiyong2" />
    <result column="beiyong3" jdbcType="VARCHAR" property="beiyong3" />
  </resultMap>
  <sql id="Example_Where_Clause">
    <where>
      <foreach collection="oredCriteria" item="criteria" separator="or">
        <if test="criteria.valid">
          <trim prefix="(" prefixOverrides="and" suffix=")">
            <foreach collection="criteria.criteria" item="criterion">
              <choose>
                <when test="criterion.noValue">
                  and ${criterion.condition}
                </when>
                <when test="criterion.singleValue">
                  and ${criterion.condition} #{criterion.value}
                </when>
                <when test="criterion.betweenValue">
                  and ${criterion.condition} #{criterion.value} and #{criterion.secondValue}
                </when>
                <when test="criterion.listValue">
                  and ${criterion.condition}
                  <foreach close=")" collection="criterion.value" item="listItem" open="(" separator=",">
                    #{listItem}
                  </foreach>
                </when>
              </choose>
            </foreach>
          </trim>
        </if>
      </foreach>
    </where>
  </sql>
  <sql id="Update_By_Example_Where_Clause">
    <where>
      <foreach collection="example.oredCriteria" item="criteria" separator="or">
        <if test="criteria.valid">
          <trim prefix="(" prefixOverrides="and" suffix=")">
            <foreach collection="criteria.criteria" item="criterion">
              <choose>
                <when test="criterion.noValue">
                  and ${criterion.condition}
                </when>
                <when test="criterion.singleValue">
                  and ${criterion.condition} #{criterion.value}
                </when>
                <when test="criterion.betweenValue">
                  and ${criterion.condition} #{criterion.value} and #{criterion.secondValue}
                </when>
                <when test="criterion.listValue">
                  and ${criterion.condition}
                  <foreach close=")" collection="criterion.value" item="listItem" open="(" separator=",">
                    #{listItem}
                  </foreach>
                </when>
              </choose>
            </foreach>
          </trim>
        </if>
      </foreach>
    </where>
  </sql>
  <sql id="Base_Column_List">
    chan_pin_zhong_lei_id, chan_pin_ming_cheng, lei_bie, beiyong1, beiyong2, beiyong3
  </sql>
  <select id="selectByExample" parameterType="com.i1314i.ourproject.po.javabean.HuiNongChanPinZhongLeiExample" resultMap="BaseResultMap">
    select
    <if test="distinct">
      distinct
    </if>
    <include refid="Base_Column_List" />
    from hui_nong_chan_pin_zhong_lei
    <if test="_parameter != null">
      <include refid="Example_Where_Clause" />
    </if>
    <if test="orderByClause != null">
      order by ${orderByClause}
    </if>
  </select>
  <select id="selectByPrimaryKey" parameterType="java.lang.Integer" resultMap="BaseResultMap">
    select 
    <include refid="Base_Column_List" />
    from hui_nong_chan_pin_zhong_lei
    where chan_pin_zhong_lei_id = #{chanPinZhongLeiId,jdbcType=INTEGER}
  </select>
  <delete id="deleteByPrimaryKey" parameterType="java.lang.Integer">
    delete from hui_nong_chan_pin_zhong_lei
    where chan_pin_zhong_lei_id = #{chanPinZhongLeiId,jdbcType=INTEGER}
  </delete>
  <delete id="deleteByExample" parameterType="com.i1314i.ourproject.po.javabean.HuiNongChanPinZhongLeiExample">
    delete from hui_nong_chan_pin_zhong_lei
    <if test="_parameter != null">
      <include refid="Example_Where_Clause" />
    </if>
  </delete>
  <insert id="insert" parameterType="com.i1314i.ourproject.po.javabean.HuiNongChanPinZhongLei">
    insert into hui_nong_chan_pin_zhong_lei (chan_pin_zhong_lei_id, chan_pin_ming_cheng, 
      lei_bie, beiyong1, beiyong2, 
      beiyong3)
    values (#{chanPinZhongLeiId,jdbcType=INTEGER}, #{chanPinMingCheng,jdbcType=VARCHAR}, 
      #{leiBie,jdbcType=VARCHAR}, #{beiyong1,jdbcType=VARCHAR}, #{beiyong2,jdbcType=VARCHAR}, 
      #{beiyong3,jdbcType=VARCHAR})
  </insert>
  <insert id="insertSelective" parameterType="com.i1314i.ourproject.po.javabean.HuiNongChanPinZhongLei">
    insert into hui_nong_chan_pin_zhong_lei
    <trim prefix="(" suffix=")" suffixOverrides=",">
      <if test="chanPinZhongLeiId != null">
        chan_pin_zhong_lei_id,
      </if>
      <if test="chanPinMingCheng != null">
        chan_pin_ming_cheng,
      </if>
      <if test="leiBie != null">
        lei_bie,
      </if>
      <if test="beiyong1 != null">
        beiyong1,
      </if>
      <if test="beiyong2 != null">
        beiyong2,
      </if>
      <if test="beiyong3 != null">
        beiyong3,
      </if>
    </trim>
    <trim prefix="values (" suffix=")" suffixOverrides=",">
      <if test="chanPinZhongLeiId != null">
        #{chanPinZhongLeiId,jdbcType=INTEGER},
      </if>
      <if test="chanPinMingCheng != null">
        #{chanPinMingCheng,jdbcType=VARCHAR},
      </if>
      <if test="leiBie != null">
        #{leiBie,jdbcType=VARCHAR},
      </if>
      <if test="beiyong1 != null">
        #{beiyong1,jdbcType=VARCHAR},
      </if>
      <if test="beiyong2 != null">
        #{beiyong2,jdbcType=VARCHAR},
      </if>
      <if test="beiyong3 != null">
        #{beiyong3,jdbcType=VARCHAR},
      </if>
    </trim>
  </insert>
  <select id="countByExample" parameterType="com.i1314i.ourproject.po.javabean.HuiNongChanPinZhongLeiExample" resultType="java.lang.Long">
    select count(*) from hui_nong_chan_pin_zhong_lei
    <if test="_parameter != null">
      <include refid="Example_Where_Clause" />
    </if>
  </select>
  <update id="updateByExampleSelective" parameterType="map">
    update hui_nong_chan_pin_zhong_lei
    <set>
      <if test="record.chanPinZhongLeiId != null">
        chan_pin_zhong_lei_id = #{record.chanPinZhongLeiId,jdbcType=INTEGER},
      </if>
      <if test="record.chanPinMingCheng != null">
        chan_pin_ming_cheng = #{record.chanPinMingCheng,jdbcType=VARCHAR},
      </if>
      <if test="record.leiBie != null">
        lei_bie = #{record.leiBie,jdbcType=VARCHAR},
      </if>
      <if test="record.beiyong1 != null">
        beiyong1 = #{record.beiyong1,jdbcType=VARCHAR},
      </if>
      <if test="record.beiyong2 != null">
        beiyong2 = #{record.beiyong2,jdbcType=VARCHAR},
      </if>
      <if test="record.beiyong3 != null">
        beiyong3 = #{record.beiyong3,jdbcType=VARCHAR},
      </if>
    </set>
    <if test="_parameter != null">
      <include refid="Update_By_Example_Where_Clause" />
    </if>
  </update>
  <update id="updateByExample" parameterType="map">
    update hui_nong_chan_pin_zhong_lei
    set chan_pin_zhong_lei_id = #{record.chanPinZhongLeiId,jdbcType=INTEGER},
      chan_pin_ming_cheng = #{record.chanPinMingCheng,jdbcType=VARCHAR},
      lei_bie = #{record.leiBie,jdbcType=VARCHAR},
      beiyong1 = #{record.beiyong1,jdbcType=VARCHAR},
      beiyong2 = #{record.beiyong2,jdbcType=VARCHAR},
      beiyong3 = #{record.beiyong3,jdbcType=VARCHAR}
    <if test="_parameter != null">
      <include refid="Update_By_Example_Where_Clause" />
    </if>
  </update>
  <update id="updateByPrimaryKeySelective" parameterType="com.i1314i.ourproject.po.javabean.HuiNongChanPinZhongLei">
    update hui_nong_chan_pin_zhong_lei
    <set>
      <if test="chanPinMingCheng != null">
        chan_pin_ming_cheng = #{chanPinMingCheng,jdbcType=VARCHAR},
      </if>
      <if test="leiBie != null">
        lei_bie = #{leiBie,jdbcType=VARCHAR},
      </if>
      <if test="beiyong1 != null">
        beiyong1 = #{beiyong1,jdbcType=VARCHAR},
      </if>
      <if test="beiyong2 != null">
        beiyong2 = #{beiyong2,jdbcType=VARCHAR},
      </if>
      <if test="beiyong3 != null">
        beiyong3 = #{beiyong3,jdbcType=VARCHAR},
      </if>
    </set>
    where chan_pin_zhong_lei_id = #{chanPinZhongLeiId,jdbcType=INTEGER}
  </update>
  <update id="updateByPrimaryKey" parameterType="com.i1314i.ourproject.po.javabean.HuiNongChanPinZhongLei">
    update hui_nong_chan_pin_zhong_lei
    set chan_pin_ming_cheng = #{chanPinMingCheng,jdbcType=VARCHAR},
      lei_bie = #{leiBie,jdbcType=VARCHAR},
      beiyong1 = #{beiyong1,jdbcType=VARCHAR},
      beiyong2 = #{beiyong2,jdbcType=VARCHAR},
      beiyong3 = #{beiyong3,jdbcType=VARCHAR}
    where chan_pin_zhong_lei_id = #{chanPinZhongLeiId,jdbcType=INTEGER}
  </update>
</mapper>