<?xml version="1.0" encoding="UTF-8"?>
<!DOCTYPE mapper PUBLIC "-//mybatis.org//DTD Mapper 3.0//EN" "http://mybatis.org/dtd/mybatis-3-mapper.dtd">
<mapper namespace="com.i1314i.ourproject.mapper.LhmmZhiBiaoMapper">
  <resultMap id="BaseResultMap" type="com.i1314i.ourproject.po.javabean.LhmmZhiBiao">
    <id column="zhi_biao_fang_id" jdbcType="INTEGER" property="zhiBiaoFangId" />
    <result column="zhi_biao_dan_wei" jdbcType="VARCHAR" property="zhiBiaoDanWei" />
    <result column="shijian" jdbcType="DATE" property="shijian" />
    <result column="beiyong1" jdbcType="VARCHAR" property="beiyong1" />
    <result column="beiyong2" jdbcType="VARCHAR" property="beiyong2" />
  </resultMap>
  <sql id="Example_Where_Clause">
    <where>
      <foreach collection="oredCriteria" item="criteria" separator="or">
        <if test="criteria.valid">
          <trim prefix="(" prefixOverrides="and" suffix=")">
            <foreach collection="criteria.criteria" item="criterion">
              <choose>
                <when test="criterion.noValue">
                  and ${criterion.condition}
                </when>
                <when test="criterion.singleValue">
                  and ${criterion.condition} #{criterion.value}
                </when>
                <when test="criterion.betweenValue">
                  and ${criterion.condition} #{criterion.value} and #{criterion.secondValue}
                </when>
                <when test="criterion.listValue">
                  and ${criterion.condition}
                  <foreach close=")" collection="criterion.value" item="listItem" open="(" separator=",">
                    #{listItem}
                  </foreach>
                </when>
              </choose>
            </foreach>
          </trim>
        </if>
      </foreach>
    </where>
  </sql>
  <sql id="Update_By_Example_Where_Clause">
    <where>
      <foreach collection="example.oredCriteria" item="criteria" separator="or">
        <if test="criteria.valid">
          <trim prefix="(" prefixOverrides="and" suffix=")">
            <foreach collection="criteria.criteria" item="criterion">
              <choose>
                <when test="criterion.noValue">
                  and ${criterion.condition}
                </when>
                <when test="criterion.singleValue">
                  and ${criterion.condition} #{criterion.value}
                </when>
                <when test="criterion.betweenValue">
                  and ${criterion.condition} #{criterion.value} and #{criterion.secondValue}
                </when>
                <when test="criterion.listValue">
                  and ${criterion.condition}
                  <foreach close=")" collection="criterion.value" item="listItem" open="(" separator=",">
                    #{listItem}
                  </foreach>
                </when>
              </choose>
            </foreach>
          </trim>
        </if>
      </foreach>
    </where>
  </sql>
  <sql id="Base_Column_List">
    zhi_biao_fang_id, zhi_biao_dan_wei, shijian, beiyong1, beiyong2
  </sql>
  <select id="selectByExample" parameterType="com.i1314i.ourproject.po.javabean.LhmmZhiBiaoExample" resultMap="BaseResultMap">
    select
    <if test="distinct">
      distinct
    </if>
    <include refid="Base_Column_List" />
    from lhmm_zhi_biao
    <if test="_parameter != null">
      <include refid="Example_Where_Clause" />
    </if>
    <if test="orderByClause != null">
      order by ${orderByClause}
    </if>
  </select>
  <select id="selectByPrimaryKey" parameterType="java.lang.Integer" resultMap="BaseResultMap">
    select 
    <include refid="Base_Column_List" />
    from lhmm_zhi_biao
    where zhi_biao_fang_id = #{zhiBiaoFangId,jdbcType=INTEGER}
  </select>
  <delete id="deleteByPrimaryKey" parameterType="java.lang.Integer">
    delete from lhmm_zhi_biao
    where zhi_biao_fang_id = #{zhiBiaoFangId,jdbcType=INTEGER}
  </delete>
  <delete id="deleteByExample" parameterType="com.i1314i.ourproject.po.javabean.LhmmZhiBiaoExample">
    delete from lhmm_zhi_biao
    <if test="_parameter != null">
      <include refid="Example_Where_Clause" />
    </if>
  </delete>
  <insert id="insert" parameterType="com.i1314i.ourproject.po.javabean.LhmmZhiBiao">
    insert into lhmm_zhi_biao (zhi_biao_fang_id, zhi_biao_dan_wei, shijian, 
      beiyong1, beiyong2)
    values (#{zhiBiaoFangId,jdbcType=INTEGER}, #{zhiBiaoDanWei,jdbcType=VARCHAR}, #{shijian,jdbcType=DATE}, 
      #{beiyong1,jdbcType=VARCHAR}, #{beiyong2,jdbcType=VARCHAR})
  </insert>
  <insert id="insertSelective" parameterType="com.i1314i.ourproject.po.javabean.LhmmZhiBiao">
    insert into lhmm_zhi_biao
    <trim prefix="(" suffix=")" suffixOverrides=",">
      <if test="zhiBiaoFangId != null">
        zhi_biao_fang_id,
      </if>
      <if test="zhiBiaoDanWei != null">
        zhi_biao_dan_wei,
      </if>
      <if test="shijian != null">
        shijian,
      </if>
      <if test="beiyong1 != null">
        beiyong1,
      </if>
      <if test="beiyong2 != null">
        beiyong2,
      </if>
    </trim>
    <trim prefix="values (" suffix=")" suffixOverrides=",">
      <if test="zhiBiaoFangId != null">
        #{zhiBiaoFangId,jdbcType=INTEGER},
      </if>
      <if test="zhiBiaoDanWei != null">
        #{zhiBiaoDanWei,jdbcType=VARCHAR},
      </if>
      <if test="shijian != null">
        #{shijian,jdbcType=DATE},
      </if>
      <if test="beiyong1 != null">
        #{beiyong1,jdbcType=VARCHAR},
      </if>
      <if test="beiyong2 != null">
        #{beiyong2,jdbcType=VARCHAR},
      </if>
    </trim>
  </insert>
  <select id="countByExample" parameterType="com.i1314i.ourproject.po.javabean.LhmmZhiBiaoExample" resultType="java.lang.Long">
    select count(*) from lhmm_zhi_biao
    <if test="_parameter != null">
      <include refid="Example_Where_Clause" />
    </if>
  </select>
  <update id="updateByExampleSelective" parameterType="map">
    update lhmm_zhi_biao
    <set>
      <if test="record.zhiBiaoFangId != null">
        zhi_biao_fang_id = #{record.zhiBiaoFangId,jdbcType=INTEGER},
      </if>
      <if test="record.zhiBiaoDanWei != null">
        zhi_biao_dan_wei = #{record.zhiBiaoDanWei,jdbcType=VARCHAR},
      </if>
      <if test="record.shijian != null">
        shijian = #{record.shijian,jdbcType=DATE},
      </if>
      <if test="record.beiyong1 != null">
        beiyong1 = #{record.beiyong1,jdbcType=VARCHAR},
      </if>
      <if test="record.beiyong2 != null">
        beiyong2 = #{record.beiyong2,jdbcType=VARCHAR},
      </if>
    </set>
    <if test="_parameter != null">
      <include refid="Update_By_Example_Where_Clause" />
    </if>
  </update>
  <update id="updateByExample" parameterType="map">
    update lhmm_zhi_biao
    set zhi_biao_fang_id = #{record.zhiBiaoFangId,jdbcType=INTEGER},
      zhi_biao_dan_wei = #{record.zhiBiaoDanWei,jdbcType=VARCHAR},
      shijian = #{record.shijian,jdbcType=DATE},
      beiyong1 = #{record.beiyong1,jdbcType=VARCHAR},
      beiyong2 = #{record.beiyong2,jdbcType=VARCHAR}
    <if test="_parameter != null">
      <include refid="Update_By_Example_Where_Clause" />
    </if>
  </update>
  <update id="updateByPrimaryKeySelective" parameterType="com.i1314i.ourproject.po.javabean.LhmmZhiBiao">
    update lhmm_zhi_biao
    <set>
      <if test="zhiBiaoDanWei != null">
        zhi_biao_dan_wei = #{zhiBiaoDanWei,jdbcType=VARCHAR},
      </if>
      <if test="shijian != null">
        shijian = #{shijian,jdbcType=DATE},
      </if>
      <if test="beiyong1 != null">
        beiyong1 = #{beiyong1,jdbcType=VARCHAR},
      </if>
      <if test="beiyong2 != null">
        beiyong2 = #{beiyong2,jdbcType=VARCHAR},
      </if>
    </set>
    where zhi_biao_fang_id = #{zhiBiaoFangId,jdbcType=INTEGER}
  </update>
  <update id="updateByPrimaryKey" parameterType="com.i1314i.ourproject.po.javabean.LhmmZhiBiao">
    update lhmm_zhi_biao
    set zhi_biao_dan_wei = #{zhiBiaoDanWei,jdbcType=VARCHAR},
      shijian = #{shijian,jdbcType=DATE},
      beiyong1 = #{beiyong1,jdbcType=VARCHAR},
      beiyong2 = #{beiyong2,jdbcType=VARCHAR}
    where zhi_biao_fang_id = #{zhiBiaoFangId,jdbcType=INTEGER}
  </update>
</mapper>