<?xml version="1.0" encoding="UTF-8"?>
<!DOCTYPE mapper PUBLIC "-//mybatis.org//DTD Mapper 3.0//EN" "http://mybatis.org/dtd/mybatis-3-mapper.dtd">
<mapper namespace="com.i1314i.ourproject.mapper.ManagementEnterprisesMapper">
  <resultMap id="BaseResultMap" type="com.i1314i.ourproject.po.javabean.ManagementEnterprises">
    <id column="jingying_id" jdbcType="INTEGER" property="jingyingId" />
    <result column="name" jdbcType="VARCHAR" property="name" />
    <result column="address" jdbcType="VARCHAR" property="address" />
    <result column="type" jdbcType="VARCHAR" property="type" />
    <result column="faren_telphone" jdbcType="VARCHAR" property="farenTelphone" />
    <result column="legal_representative" jdbcType="VARCHAR" property="legalRepresentative" />
    <result column="y" jdbcType="DOUBLE" property="y" />
    <result column="x" jdbcType="DOUBLE" property="x" />
  </resultMap>
  <sql id="Example_Where_Clause">
    <where>
      <foreach collection="oredCriteria" item="criteria" separator="or">
        <if test="criteria.valid">
          <trim prefix="(" prefixOverrides="and" suffix=")">
            <foreach collection="criteria.criteria" item="criterion">
              <choose>
                <when test="criterion.noValue">
                  and ${criterion.condition}
                </when>
                <when test="criterion.singleValue">
                  and ${criterion.condition} #{criterion.value}
                </when>
                <when test="criterion.betweenValue">
                  and ${criterion.condition} #{criterion.value} and #{criterion.secondValue}
                </when>
                <when test="criterion.listValue">
                  and ${criterion.condition}
                  <foreach close=")" collection="criterion.value" item="listItem" open="(" separator=",">
                    #{listItem}
                  </foreach>
                </when>
              </choose>
            </foreach>
          </trim>
        </if>
      </foreach>
    </where>
  </sql>
  <sql id="Update_By_Example_Where_Clause">
    <where>
      <foreach collection="example.oredCriteria" item="criteria" separator="or">
        <if test="criteria.valid">
          <trim prefix="(" prefixOverrides="and" suffix=")">
            <foreach collection="criteria.criteria" item="criterion">
              <choose>
                <when test="criterion.noValue">
                  and ${criterion.condition}
                </when>
                <when test="criterion.singleValue">
                  and ${criterion.condition} #{criterion.value}
                </when>
                <when test="criterion.betweenValue">
                  and ${criterion.condition} #{criterion.value} and #{criterion.secondValue}
                </when>
                <when test="criterion.listValue">
                  and ${criterion.condition}
                  <foreach close=")" collection="criterion.value" item="listItem" open="(" separator=",">
                    #{listItem}
                  </foreach>
                </when>
              </choose>
            </foreach>
          </trim>
        </if>
      </foreach>
    </where>
  </sql>
  <sql id="Base_Column_List">
    jingying_id, name, address, type, faren_telphone, legal_representative, y, x
  </sql>
  <select id="selectByExample" parameterType="com.i1314i.ourproject.po.javabean.ManagementEnterprisesExample" resultMap="BaseResultMap">
    select
    <if test="distinct">
      distinct
    </if>
    <include refid="Base_Column_List" />
    from management_enterprises
    <if test="_parameter != null">
      <include refid="Example_Where_Clause" />
    </if>
    <if test="orderByClause != null">
      order by ${orderByClause}
    </if>
  </select>
  <select id="selectByPrimaryKey" parameterType="java.lang.Integer" resultMap="BaseResultMap">
    select 
    <include refid="Base_Column_List" />
    from management_enterprises
    where jingying_id = #{jingyingId,jdbcType=INTEGER}
  </select>
  <delete id="deleteByPrimaryKey" parameterType="java.lang.Integer">
    delete from management_enterprises
    where jingying_id = #{jingyingId,jdbcType=INTEGER}
  </delete>
  <delete id="deleteByExample" parameterType="com.i1314i.ourproject.po.javabean.ManagementEnterprisesExample">
    delete from management_enterprises
    <if test="_parameter != null">
      <include refid="Example_Where_Clause" />
    </if>
  </delete>
  <insert id="insert" parameterType="com.i1314i.ourproject.po.javabean.ManagementEnterprises">
    insert into management_enterprises (jingying_id, name, address, 
      type, faren_telphone, legal_representative, 
      y, x)
    values (#{jingyingId,jdbcType=INTEGER}, #{name,jdbcType=VARCHAR}, #{address,jdbcType=VARCHAR}, 
      #{type,jdbcType=VARCHAR}, #{farenTelphone,jdbcType=VARCHAR}, #{legalRepresentative,jdbcType=VARCHAR}, 
      #{y,jdbcType=DOUBLE}, #{x,jdbcType=DOUBLE})
  </insert>
  <insert id="insertSelective" parameterType="com.i1314i.ourproject.po.javabean.ManagementEnterprises">
    insert into management_enterprises
    <trim prefix="(" suffix=")" suffixOverrides=",">
      <if test="jingyingId != null">
        jingying_id,
      </if>
      <if test="name != null">
        name,
      </if>
      <if test="address != null">
        address,
      </if>
      <if test="type != null">
        type,
      </if>
      <if test="farenTelphone != null">
        faren_telphone,
      </if>
      <if test="legalRepresentative != null">
        legal_representative,
      </if>
      <if test="y != null">
        y,
      </if>
      <if test="x != null">
        x,
      </if>
    </trim>
    <trim prefix="values (" suffix=")" suffixOverrides=",">
      <if test="jingyingId != null">
        #{jingyingId,jdbcType=INTEGER},
      </if>
      <if test="name != null">
        #{name,jdbcType=VARCHAR},
      </if>
      <if test="address != null">
        #{address,jdbcType=VARCHAR},
      </if>
      <if test="type != null">
        #{type,jdbcType=VARCHAR},
      </if>
      <if test="farenTelphone != null">
        #{farenTelphone,jdbcType=VARCHAR},
      </if>
      <if test="legalRepresentative != null">
        #{legalRepresentative,jdbcType=VARCHAR},
      </if>
      <if test="y != null">
        #{y,jdbcType=DOUBLE},
      </if>
      <if test="x != null">
        #{x,jdbcType=DOUBLE},
      </if>
    </trim>
  </insert>
  <select id="countByExample" parameterType="com.i1314i.ourproject.po.javabean.ManagementEnterprisesExample" resultType="java.lang.Long">
    select count(*) from management_enterprises
    <if test="_parameter != null">
      <include refid="Example_Where_Clause" />
    </if>
  </select>
  <update id="updateByExampleSelective" parameterType="map">
    update management_enterprises
    <set>
      <if test="record.jingyingId != null">
        jingying_id = #{record.jingyingId,jdbcType=INTEGER},
      </if>
      <if test="record.name != null">
        name = #{record.name,jdbcType=VARCHAR},
      </if>
      <if test="record.address != null">
        address = #{record.address,jdbcType=VARCHAR},
      </if>
      <if test="record.type != null">
        type = #{record.type,jdbcType=VARCHAR},
      </if>
      <if test="record.farenTelphone != null">
        faren_telphone = #{record.farenTelphone,jdbcType=VARCHAR},
      </if>
      <if test="record.legalRepresentative != null">
        legal_representative = #{record.legalRepresentative,jdbcType=VARCHAR},
      </if>
      <if test="record.y != null">
        y = #{record.y,jdbcType=DOUBLE},
      </if>
      <if test="record.x != null">
        x = #{record.x,jdbcType=DOUBLE},
      </if>
    </set>
    <if test="_parameter != null">
      <include refid="Update_By_Example_Where_Clause" />
    </if>
  </update>
  <update id="updateByExample" parameterType="map">
    update management_enterprises
    set jingying_id = #{record.jingyingId,jdbcType=INTEGER},
      name = #{record.name,jdbcType=VARCHAR},
      address = #{record.address,jdbcType=VARCHAR},
      type = #{record.type,jdbcType=VARCHAR},
      faren_telphone = #{record.farenTelphone,jdbcType=VARCHAR},
      legal_representative = #{record.legalRepresentative,jdbcType=VARCHAR},
      y = #{record.y,jdbcType=DOUBLE},
      x = #{record.x,jdbcType=DOUBLE}
    <if test="_parameter != null">
      <include refid="Update_By_Example_Where_Clause" />
    </if>
  </update>
  <update id="updateByPrimaryKeySelective" parameterType="com.i1314i.ourproject.po.javabean.ManagementEnterprises">
    update management_enterprises
    <set>
      <if test="name != null">
        name = #{name,jdbcType=VARCHAR},
      </if>
      <if test="address != null">
        address = #{address,jdbcType=VARCHAR},
      </if>
      <if test="type != null">
        type = #{type,jdbcType=VARCHAR},
      </if>
      <if test="farenTelphone != null">
        faren_telphone = #{farenTelphone,jdbcType=VARCHAR},
      </if>
      <if test="legalRepresentative != null">
        legal_representative = #{legalRepresentative,jdbcType=VARCHAR},
      </if>
      <if test="y != null">
        y = #{y,jdbcType=DOUBLE},
      </if>
      <if test="x != null">
        x = #{x,jdbcType=DOUBLE},
      </if>
    </set>
    where jingying_id = #{jingyingId,jdbcType=INTEGER}
  </update>
  <update id="updateByPrimaryKey" parameterType="com.i1314i.ourproject.po.javabean.ManagementEnterprises">
    update management_enterprises
    set name = #{name,jdbcType=VARCHAR},
      address = #{address,jdbcType=VARCHAR},
      type = #{type,jdbcType=VARCHAR},
      faren_telphone = #{farenTelphone,jdbcType=VARCHAR},
      legal_representative = #{legalRepresentative,jdbcType=VARCHAR},
      y = #{y,jdbcType=DOUBLE},
      x = #{x,jdbcType=DOUBLE}
    where jingying_id = #{jingyingId,jdbcType=INTEGER}
  </update>
</mapper>