<?xml version="1.0" encoding="UTF-8"?>
<!DOCTYPE mapper PUBLIC "-//mybatis.org//DTD Mapper 3.0//EN" "http://mybatis.org/dtd/mybatis-3-mapper.dtd">
<mapper namespace="com.i1314i.ourproject.mapper.NongYeShengChanZiLiaoMapper">
  <resultMap id="BaseResultMap" type="com.i1314i.ourproject.po.javabean.NongYeShengChanZiLiao">
    <id column="shang_pin_id" jdbcType="INTEGER" property="shangPinId" />
    <result column="shangpin_mingcheng" jdbcType="VARCHAR" property="shangpinMingcheng" />
    <result column="leibie" jdbcType="VARCHAR" property="leibie" />
    <result column="gui_ge_deng_ji" jdbcType="VARCHAR" property="guiGeDengJi" />
    <result column="ji_liang_dan_wei" jdbcType="VARCHAR" property="jiLiangDanWei" />
    <result column="price" jdbcType="DOUBLE" property="price" />
    <result column="cai_bao_jia_dan_wei" jdbcType="VARCHAR" property="caiBaoJiaDanWei" />
    <result column="zhi_biao_jie_shi" jdbcType="VARCHAR" property="zhiBiaoJieShi" />
    <result column="beizhu" jdbcType="VARCHAR" property="beizhu" />
    <result column="shijian" jdbcType="DATE" property="shijian" />
    <result column="bumen" jdbcType="INTEGER" property="bumen" />
  </resultMap>
  <sql id="Example_Where_Clause">
    <where>
      <foreach collection="oredCriteria" item="criteria" separator="or">
        <if test="criteria.valid">
          <trim prefix="(" prefixOverrides="and" suffix=")">
            <foreach collection="criteria.criteria" item="criterion">
              <choose>
                <when test="criterion.noValue">
                  and ${criterion.condition}
                </when>
                <when test="criterion.singleValue">
                  and ${criterion.condition} #{criterion.value}
                </when>
                <when test="criterion.betweenValue">
                  and ${criterion.condition} #{criterion.value} and #{criterion.secondValue}
                </when>
                <when test="criterion.listValue">
                  and ${criterion.condition}
                  <foreach close=")" collection="criterion.value" item="listItem" open="(" separator=",">
                    #{listItem}
                  </foreach>
                </when>
              </choose>
            </foreach>
          </trim>
        </if>
      </foreach>
    </where>
  </sql>
  <sql id="Update_By_Example_Where_Clause">
    <where>
      <foreach collection="example.oredCriteria" item="criteria" separator="or">
        <if test="criteria.valid">
          <trim prefix="(" prefixOverrides="and" suffix=")">
            <foreach collection="criteria.criteria" item="criterion">
              <choose>
                <when test="criterion.noValue">
                  and ${criterion.condition}
                </when>
                <when test="criterion.singleValue">
                  and ${criterion.condition} #{criterion.value}
                </when>
                <when test="criterion.betweenValue">
                  and ${criterion.condition} #{criterion.value} and #{criterion.secondValue}
                </when>
                <when test="criterion.listValue">
                  and ${criterion.condition}
                  <foreach close=")" collection="criterion.value" item="listItem" open="(" separator=",">
                    #{listItem}
                  </foreach>
                </when>
              </choose>
            </foreach>
          </trim>
        </if>
      </foreach>
    </where>
  </sql>
  <sql id="Base_Column_List">
    shang_pin_id, shangpin_mingcheng, leibie, gui_ge_deng_ji, ji_liang_dan_wei, price, 
    cai_bao_jia_dan_wei, zhi_biao_jie_shi, beizhu, shijian, bumen
  </sql>
  <select id="selectByExample" parameterType="com.i1314i.ourproject.po.javabean.NongYeShengChanZiLiaoExample" resultMap="BaseResultMap">
    select
    <if test="distinct">
      distinct
    </if>
    <include refid="Base_Column_List" />
    from nong_ye_sheng_chan_zi_liao
    <if test="_parameter != null">
      <include refid="Example_Where_Clause" />
    </if>
    <if test="orderByClause != null">
      order by ${orderByClause}
    </if>
  </select>
  <select id="selectByPrimaryKey" parameterType="java.lang.Integer" resultMap="BaseResultMap">
    select 
    <include refid="Base_Column_List" />
    from nong_ye_sheng_chan_zi_liao
    where shang_pin_id = #{shangPinId,jdbcType=INTEGER}
  </select>
  <delete id="deleteByPrimaryKey" parameterType="java.lang.Integer">
    delete from nong_ye_sheng_chan_zi_liao
    where shang_pin_id = #{shangPinId,jdbcType=INTEGER}
  </delete>
  <delete id="deleteByExample" parameterType="com.i1314i.ourproject.po.javabean.NongYeShengChanZiLiaoExample">
    delete from nong_ye_sheng_chan_zi_liao
    <if test="_parameter != null">
      <include refid="Example_Where_Clause" />
    </if>
  </delete>
  <insert id="insert" parameterType="com.i1314i.ourproject.po.javabean.NongYeShengChanZiLiao">
    insert into nong_ye_sheng_chan_zi_liao (shang_pin_id, shangpin_mingcheng, leibie, 
      gui_ge_deng_ji, ji_liang_dan_wei, price, 
      cai_bao_jia_dan_wei, zhi_biao_jie_shi, beizhu, 
      shijian, bumen)
    values (#{shangPinId,jdbcType=INTEGER}, #{shangpinMingcheng,jdbcType=VARCHAR}, #{leibie,jdbcType=VARCHAR}, 
      #{guiGeDengJi,jdbcType=VARCHAR}, #{jiLiangDanWei,jdbcType=VARCHAR}, #{price,jdbcType=DOUBLE}, 
      #{caiBaoJiaDanWei,jdbcType=VARCHAR}, #{zhiBiaoJieShi,jdbcType=VARCHAR}, #{beizhu,jdbcType=VARCHAR}, 
      #{shijian,jdbcType=DATE}, #{bumen,jdbcType=INTEGER})
  </insert>
  <insert id="insertSelective" parameterType="com.i1314i.ourproject.po.javabean.NongYeShengChanZiLiao">
    insert into nong_ye_sheng_chan_zi_liao
    <trim prefix="(" suffix=")" suffixOverrides=",">
      <if test="shangPinId != null">
        shang_pin_id,
      </if>
      <if test="shangpinMingcheng != null">
        shangpin_mingcheng,
      </if>
      <if test="leibie != null">
        leibie,
      </if>
      <if test="guiGeDengJi != null">
        gui_ge_deng_ji,
      </if>
      <if test="jiLiangDanWei != null">
        ji_liang_dan_wei,
      </if>
      <if test="price != null">
        price,
      </if>
      <if test="caiBaoJiaDanWei != null">
        cai_bao_jia_dan_wei,
      </if>
      <if test="zhiBiaoJieShi != null">
        zhi_biao_jie_shi,
      </if>
      <if test="beizhu != null">
        beizhu,
      </if>
      <if test="shijian != null">
        shijian,
      </if>
      <if test="bumen != null">
        bumen,
      </if>
    </trim>
    <trim prefix="values (" suffix=")" suffixOverrides=",">
      <if test="shangPinId != null">
        #{shangPinId,jdbcType=INTEGER},
      </if>
      <if test="shangpinMingcheng != null">
        #{shangpinMingcheng,jdbcType=VARCHAR},
      </if>
      <if test="leibie != null">
        #{leibie,jdbcType=VARCHAR},
      </if>
      <if test="guiGeDengJi != null">
        #{guiGeDengJi,jdbcType=VARCHAR},
      </if>
      <if test="jiLiangDanWei != null">
        #{jiLiangDanWei,jdbcType=VARCHAR},
      </if>
      <if test="price != null">
        #{price,jdbcType=DOUBLE},
      </if>
      <if test="caiBaoJiaDanWei != null">
        #{caiBaoJiaDanWei,jdbcType=VARCHAR},
      </if>
      <if test="zhiBiaoJieShi != null">
        #{zhiBiaoJieShi,jdbcType=VARCHAR},
      </if>
      <if test="beizhu != null">
        #{beizhu,jdbcType=VARCHAR},
      </if>
      <if test="shijian != null">
        #{shijian,jdbcType=DATE},
      </if>
      <if test="bumen != null">
        #{bumen,jdbcType=INTEGER},
      </if>
    </trim>
  </insert>
  <select id="countByExample" parameterType="com.i1314i.ourproject.po.javabean.NongYeShengChanZiLiaoExample" resultType="java.lang.Long">
    select count(*) from nong_ye_sheng_chan_zi_liao
    <if test="_parameter != null">
      <include refid="Example_Where_Clause" />
    </if>
  </select>
  <update id="updateByExampleSelective" parameterType="map">
    update nong_ye_sheng_chan_zi_liao
    <set>
      <if test="record.shangPinId != null">
        shang_pin_id = #{record.shangPinId,jdbcType=INTEGER},
      </if>
      <if test="record.shangpinMingcheng != null">
        shangpin_mingcheng = #{record.shangpinMingcheng,jdbcType=VARCHAR},
      </if>
      <if test="record.leibie != null">
        leibie = #{record.leibie,jdbcType=VARCHAR},
      </if>
      <if test="record.guiGeDengJi != null">
        gui_ge_deng_ji = #{record.guiGeDengJi,jdbcType=VARCHAR},
      </if>
      <if test="record.jiLiangDanWei != null">
        ji_liang_dan_wei = #{record.jiLiangDanWei,jdbcType=VARCHAR},
      </if>
      <if test="record.price != null">
        price = #{record.price,jdbcType=DOUBLE},
      </if>
      <if test="record.caiBaoJiaDanWei != null">
        cai_bao_jia_dan_wei = #{record.caiBaoJiaDanWei,jdbcType=VARCHAR},
      </if>
      <if test="record.zhiBiaoJieShi != null">
        zhi_biao_jie_shi = #{record.zhiBiaoJieShi,jdbcType=VARCHAR},
      </if>
      <if test="record.beizhu != null">
        beizhu = #{record.beizhu,jdbcType=VARCHAR},
      </if>
      <if test="record.shijian != null">
        shijian = #{record.shijian,jdbcType=DATE},
      </if>
      <if test="record.bumen != null">
        bumen = #{record.bumen,jdbcType=INTEGER},
      </if>
    </set>
    <if test="_parameter != null">
      <include refid="Update_By_Example_Where_Clause" />
    </if>
  </update>
  <update id="updateByExample" parameterType="map">
    update nong_ye_sheng_chan_zi_liao
    set shang_pin_id = #{record.shangPinId,jdbcType=INTEGER},
      shangpin_mingcheng = #{record.shangpinMingcheng,jdbcType=VARCHAR},
      leibie = #{record.leibie,jdbcType=VARCHAR},
      gui_ge_deng_ji = #{record.guiGeDengJi,jdbcType=VARCHAR},
      ji_liang_dan_wei = #{record.jiLiangDanWei,jdbcType=VARCHAR},
      price = #{record.price,jdbcType=DOUBLE},
      cai_bao_jia_dan_wei = #{record.caiBaoJiaDanWei,jdbcType=VARCHAR},
      zhi_biao_jie_shi = #{record.zhiBiaoJieShi,jdbcType=VARCHAR},
      beizhu = #{record.beizhu,jdbcType=VARCHAR},
      shijian = #{record.shijian,jdbcType=DATE},
      bumen = #{record.bumen,jdbcType=INTEGER}
    <if test="_parameter != null">
      <include refid="Update_By_Example_Where_Clause" />
    </if>
  </update>
  <update id="updateByPrimaryKeySelective" parameterType="com.i1314i.ourproject.po.javabean.NongYeShengChanZiLiao">
    update nong_ye_sheng_chan_zi_liao
    <set>
      <if test="shangpinMingcheng != null">
        shangpin_mingcheng = #{shangpinMingcheng,jdbcType=VARCHAR},
      </if>
      <if test="leibie != null">
        leibie = #{leibie,jdbcType=VARCHAR},
      </if>
      <if test="guiGeDengJi != null">
        gui_ge_deng_ji = #{guiGeDengJi,jdbcType=VARCHAR},
      </if>
      <if test="jiLiangDanWei != null">
        ji_liang_dan_wei = #{jiLiangDanWei,jdbcType=VARCHAR},
      </if>
      <if test="price != null">
        price = #{price,jdbcType=DOUBLE},
      </if>
      <if test="caiBaoJiaDanWei != null">
        cai_bao_jia_dan_wei = #{caiBaoJiaDanWei,jdbcType=VARCHAR},
      </if>
      <if test="zhiBiaoJieShi != null">
        zhi_biao_jie_shi = #{zhiBiaoJieShi,jdbcType=VARCHAR},
      </if>
      <if test="beizhu != null">
        beizhu = #{beizhu,jdbcType=VARCHAR},
      </if>
      <if test="shijian != null">
        shijian = #{shijian,jdbcType=DATE},
      </if>
      <if test="bumen != null">
        bumen = #{bumen,jdbcType=INTEGER},
      </if>
    </set>
    where shang_pin_id = #{shangPinId,jdbcType=INTEGER}
  </update>
  <update id="updateByPrimaryKey" parameterType="com.i1314i.ourproject.po.javabean.NongYeShengChanZiLiao">
    update nong_ye_sheng_chan_zi_liao
    set shangpin_mingcheng = #{shangpinMingcheng,jdbcType=VARCHAR},
      leibie = #{leibie,jdbcType=VARCHAR},
      gui_ge_deng_ji = #{guiGeDengJi,jdbcType=VARCHAR},
      ji_liang_dan_wei = #{jiLiangDanWei,jdbcType=VARCHAR},
      price = #{price,jdbcType=DOUBLE},
      cai_bao_jia_dan_wei = #{caiBaoJiaDanWei,jdbcType=VARCHAR},
      zhi_biao_jie_shi = #{zhiBiaoJieShi,jdbcType=VARCHAR},
      beizhu = #{beizhu,jdbcType=VARCHAR},
      shijian = #{shijian,jdbcType=DATE},
      bumen = #{bumen,jdbcType=INTEGER}
    where shang_pin_id = #{shangPinId,jdbcType=INTEGER}
  </update>

    <!--自加-->
    <select id="selectByTimes" resultMap="BaseResultMap">
     select * from nong_ye_sheng_chan_zi_liao where shijian between (SELECT current_timestamp - interval '7 day') and current_timestamp
    </select>
    <select id="slectTimes" resultType="java.lang.String">
        select shijian from nong_ye_sheng_chan_zi_liao group by shijian order by  shijian desc
    </select>
    <select id="selectTypeOne" resultMap="BaseResultMap">
        SELECT * FROM nong_ye_sheng_chan_zi_liao WHERE shangpin_mingcheng=#{mingcheng} LIMIT 1
    </select>
</mapper>