<?xml version="1.0" encoding="UTF-8"?>
<!DOCTYPE mapper PUBLIC "-//mybatis.org//DTD Mapper 3.0//EN" "http://mybatis.org/dtd/mybatis-3-mapper.dtd">
<mapper namespace="com.i1314i.ourproject.mapper.PlantingStructureMapper">
  <resultMap id="BaseResultMap" type="com.i1314i.ourproject.po.javabean.PlantingStructure">
    <id column="jiegou_id" jdbcType="INTEGER" property="jiegouId" />
    <result column="name" jdbcType="VARCHAR" property="name" />
    <result column="category" jdbcType="VARCHAR" property="category" />
    <result column="area" jdbcType="VARCHAR" property="area" />
    <result column="address" jdbcType="VARCHAR" property="address" />
  </resultMap>
  <sql id="Example_Where_Clause">
    <where>
      <foreach collection="oredCriteria" item="criteria" separator="or">
        <if test="criteria.valid">
          <trim prefix="(" prefixOverrides="and" suffix=")">
            <foreach collection="criteria.criteria" item="criterion">
              <choose>
                <when test="criterion.noValue">
                  and ${criterion.condition}
                </when>
                <when test="criterion.singleValue">
                  and ${criterion.condition} #{criterion.value}
                </when>
                <when test="criterion.betweenValue">
                  and ${criterion.condition} #{criterion.value} and #{criterion.secondValue}
                </when>
                <when test="criterion.listValue">
                  and ${criterion.condition}
                  <foreach close=")" collection="criterion.value" item="listItem" open="(" separator=",">
                    #{listItem}
                  </foreach>
                </when>
              </choose>
            </foreach>
          </trim>
        </if>
      </foreach>
    </where>
  </sql>
  <sql id="Update_By_Example_Where_Clause">
    <where>
      <foreach collection="example.oredCriteria" item="criteria" separator="or">
        <if test="criteria.valid">
          <trim prefix="(" prefixOverrides="and" suffix=")">
            <foreach collection="criteria.criteria" item="criterion">
              <choose>
                <when test="criterion.noValue">
                  and ${criterion.condition}
                </when>
                <when test="criterion.singleValue">
                  and ${criterion.condition} #{criterion.value}
                </when>
                <when test="criterion.betweenValue">
                  and ${criterion.condition} #{criterion.value} and #{criterion.secondValue}
                </when>
                <when test="criterion.listValue">
                  and ${criterion.condition}
                  <foreach close=")" collection="criterion.value" item="listItem" open="(" separator=",">
                    #{listItem}
                  </foreach>
                </when>
              </choose>
            </foreach>
          </trim>
        </if>
      </foreach>
    </where>
  </sql>
  <sql id="Base_Column_List">
    jiegou_id, name, category, area, address
  </sql>
  <select id="selectByExample" parameterType="com.i1314i.ourproject.po.javabean.PlantingStructureExample" resultMap="BaseResultMap">
    select
    <if test="distinct">
      distinct
    </if>
    <include refid="Base_Column_List" />
    from planting_structure
    <if test="_parameter != null">
      <include refid="Example_Where_Clause" />
    </if>
    <if test="orderByClause != null">
      order by ${orderByClause}
    </if>
  </select>
  <select id="selectByPrimaryKey" parameterType="java.lang.Integer" resultMap="BaseResultMap">
    select 
    <include refid="Base_Column_List" />
    from planting_structure
    where jiegou_id = #{jiegouId,jdbcType=INTEGER}
  </select>
  <delete id="deleteByPrimaryKey" parameterType="java.lang.Integer">
    delete from planting_structure
    where jiegou_id = #{jiegouId,jdbcType=INTEGER}
  </delete>
  <delete id="deleteByExample" parameterType="com.i1314i.ourproject.po.javabean.PlantingStructureExample">
    delete from planting_structure
    <if test="_parameter != null">
      <include refid="Example_Where_Clause" />
    </if>
  </delete>
  <insert id="insert" parameterType="com.i1314i.ourproject.po.javabean.PlantingStructure">
    insert into planting_structure (jiegou_id, name, category, 
      area, address)
    values (#{jiegouId,jdbcType=INTEGER}, #{name,jdbcType=VARCHAR}, #{category,jdbcType=VARCHAR}, 
      #{area,jdbcType=VARCHAR}, #{address,jdbcType=VARCHAR})
  </insert>
  <insert id="insertSelective" parameterType="com.i1314i.ourproject.po.javabean.PlantingStructure">
    insert into planting_structure
    <trim prefix="(" suffix=")" suffixOverrides=",">
      <if test="jiegouId != null">
        jiegou_id,
      </if>
      <if test="name != null">
        name,
      </if>
      <if test="category != null">
        category,
      </if>
      <if test="area != null">
        area,
      </if>
      <if test="address != null">
        address,
      </if>
    </trim>
    <trim prefix="values (" suffix=")" suffixOverrides=",">
      <if test="jiegouId != null">
        #{jiegouId,jdbcType=INTEGER},
      </if>
      <if test="name != null">
        #{name,jdbcType=VARCHAR},
      </if>
      <if test="category != null">
        #{category,jdbcType=VARCHAR},
      </if>
      <if test="area != null">
        #{area,jdbcType=VARCHAR},
      </if>
      <if test="address != null">
        #{address,jdbcType=VARCHAR},
      </if>
    </trim>
  </insert>
  <select id="countByExample" parameterType="com.i1314i.ourproject.po.javabean.PlantingStructureExample" resultType="java.lang.Long">
    select count(*) from planting_structure
    <if test="_parameter != null">
      <include refid="Example_Where_Clause" />
    </if>
  </select>
  <update id="updateByExampleSelective" parameterType="map">
    update planting_structure
    <set>
      <if test="record.jiegouId != null">
        jiegou_id = #{record.jiegouId,jdbcType=INTEGER},
      </if>
      <if test="record.name != null">
        name = #{record.name,jdbcType=VARCHAR},
      </if>
      <if test="record.category != null">
        category = #{record.category,jdbcType=VARCHAR},
      </if>
      <if test="record.area != null">
        area = #{record.area,jdbcType=VARCHAR},
      </if>
      <if test="record.address != null">
        address = #{record.address,jdbcType=VARCHAR},
      </if>
    </set>
    <if test="_parameter != null">
      <include refid="Update_By_Example_Where_Clause" />
    </if>
  </update>
  <update id="updateByExample" parameterType="map">
    update planting_structure
    set jiegou_id = #{record.jiegouId,jdbcType=INTEGER},
      name = #{record.name,jdbcType=VARCHAR},
      category = #{record.category,jdbcType=VARCHAR},
      area = #{record.area,jdbcType=VARCHAR},
      address = #{record.address,jdbcType=VARCHAR}
    <if test="_parameter != null">
      <include refid="Update_By_Example_Where_Clause" />
    </if>
  </update>
  <update id="updateByPrimaryKeySelective" parameterType="com.i1314i.ourproject.po.javabean.PlantingStructure">
    update planting_structure
    <set>
      <if test="name != null">
        name = #{name,jdbcType=VARCHAR},
      </if>
      <if test="category != null">
        category = #{category,jdbcType=VARCHAR},
      </if>
      <if test="area != null">
        area = #{area,jdbcType=VARCHAR},
      </if>
      <if test="address != null">
        address = #{address,jdbcType=VARCHAR},
      </if>
    </set>
    where jiegou_id = #{jiegouId,jdbcType=INTEGER}
  </update>
  <update id="updateByPrimaryKey" parameterType="com.i1314i.ourproject.po.javabean.PlantingStructure">
    update planting_structure
    set name = #{name,jdbcType=VARCHAR},
      category = #{category,jdbcType=VARCHAR},
      area = #{area,jdbcType=VARCHAR},
      address = #{address,jdbcType=VARCHAR}
    where jiegou_id = #{jiegouId,jdbcType=INTEGER}
  </update>
</mapper>