<?xml version="1.0" encoding="UTF-8"?>
<!DOCTYPE mapper PUBLIC "-//mybatis.org//DTD Mapper 3.0//EN" "http://mybatis.org/dtd/mybatis-3-mapper.dtd">
<mapper namespace="com.i1314i.ourproject.mapper.PrecipitationMonitoringMapper">
  <resultMap id="BaseResultMap" type="com.i1314i.ourproject.po.javabean.PrecipitationMonitoring">
    <id column="jiangshui_id" jdbcType="INTEGER" property="jiangshuiId" />
    <result column="starttime" jdbcType="DATE" property="starttime" />
    <result column="endtime" jdbcType="DATE" property="endtime" />
    <result column="unit" jdbcType="VARCHAR" property="unit" />
    <result column="name" jdbcType="VARCHAR" property="name" />
    <result column="number" jdbcType="DOUBLE" property="number" />
    <result column="x" jdbcType="DOUBLE" property="x" />
    <result column="y" jdbcType="DOUBLE" property="y" />
  </resultMap>
  <sql id="Example_Where_Clause">
    <where>
      <foreach collection="oredCriteria" item="criteria" separator="or">
        <if test="criteria.valid">
          <trim prefix="(" prefixOverrides="and" suffix=")">
            <foreach collection="criteria.criteria" item="criterion">
              <choose>
                <when test="criterion.noValue">
                  and ${criterion.condition}
                </when>
                <when test="criterion.singleValue">
                  and ${criterion.condition} #{criterion.value}
                </when>
                <when test="criterion.betweenValue">
                  and ${criterion.condition} #{criterion.value} and #{criterion.secondValue}
                </when>
                <when test="criterion.listValue">
                  and ${criterion.condition}
                  <foreach close=")" collection="criterion.value" item="listItem" open="(" separator=",">
                    #{listItem}
                  </foreach>
                </when>
              </choose>
            </foreach>
          </trim>
        </if>
      </foreach>
    </where>
  </sql>
  <sql id="Update_By_Example_Where_Clause">
    <where>
      <foreach collection="example.oredCriteria" item="criteria" separator="or">
        <if test="criteria.valid">
          <trim prefix="(" prefixOverrides="and" suffix=")">
            <foreach collection="criteria.criteria" item="criterion">
              <choose>
                <when test="criterion.noValue">
                  and ${criterion.condition}
                </when>
                <when test="criterion.singleValue">
                  and ${criterion.condition} #{criterion.value}
                </when>
                <when test="criterion.betweenValue">
                  and ${criterion.condition} #{criterion.value} and #{criterion.secondValue}
                </when>
                <when test="criterion.listValue">
                  and ${criterion.condition}
                  <foreach close=")" collection="criterion.value" item="listItem" open="(" separator=",">
                    #{listItem}
                  </foreach>
                </when>
              </choose>
            </foreach>
          </trim>
        </if>
      </foreach>
    </where>
  </sql>
  <sql id="Base_Column_List">
    jiangshui_id, starttime, endtime, unit, name, number, x, y
  </sql>
  <select id="selectByExample" parameterType="com.i1314i.ourproject.po.javabean.PrecipitationMonitoringExample" resultMap="BaseResultMap">
    select
    <if test="distinct">
      distinct
    </if>
    <include refid="Base_Column_List" />
    from precipitation_monitoring
    <if test="_parameter != null">
      <include refid="Example_Where_Clause" />
    </if>
    <if test="orderByClause != null">
      order by ${orderByClause}
    </if>
  </select>
  <select id="selectByPrimaryKey" parameterType="java.lang.Integer" resultMap="BaseResultMap">
    select 
    <include refid="Base_Column_List" />
    from precipitation_monitoring
    where jiangshui_id = #{jiangshuiId,jdbcType=INTEGER}
  </select>
  <delete id="deleteByPrimaryKey" parameterType="java.lang.Integer">
    delete from precipitation_monitoring
    where jiangshui_id = #{jiangshuiId,jdbcType=INTEGER}
  </delete>
  <delete id="deleteByExample" parameterType="com.i1314i.ourproject.po.javabean.PrecipitationMonitoringExample">
    delete from precipitation_monitoring
    <if test="_parameter != null">
      <include refid="Example_Where_Clause" />
    </if>
  </delete>
  <insert id="insert" parameterType="com.i1314i.ourproject.po.javabean.PrecipitationMonitoring">
    insert into precipitation_monitoring (jiangshui_id, starttime, endtime, 
      unit, name, number, 
      x, y)
    values (#{jiangshuiId,jdbcType=INTEGER}, #{starttime,jdbcType=DATE}, #{endtime,jdbcType=DATE}, 
      #{unit,jdbcType=VARCHAR}, #{name,jdbcType=VARCHAR}, #{number,jdbcType=DOUBLE}, 
      #{x,jdbcType=DOUBLE}, #{y,jdbcType=DOUBLE})
  </insert>
  <insert id="insertSelective" parameterType="com.i1314i.ourproject.po.javabean.PrecipitationMonitoring">
    insert into precipitation_monitoring
    <trim prefix="(" suffix=")" suffixOverrides=",">
      <if test="jiangshuiId != null">
        jiangshui_id,
      </if>
      <if test="starttime != null">
        starttime,
      </if>
      <if test="endtime != null">
        endtime,
      </if>
      <if test="unit != null">
        unit,
      </if>
      <if test="name != null">
        name,
      </if>
      <if test="number != null">
        number,
      </if>
      <if test="x != null">
        x,
      </if>
      <if test="y != null">
        y,
      </if>
    </trim>
    <trim prefix="values (" suffix=")" suffixOverrides=",">
      <if test="jiangshuiId != null">
        #{jiangshuiId,jdbcType=INTEGER},
      </if>
      <if test="starttime != null">
        #{starttime,jdbcType=DATE},
      </if>
      <if test="endtime != null">
        #{endtime,jdbcType=DATE},
      </if>
      <if test="unit != null">
        #{unit,jdbcType=VARCHAR},
      </if>
      <if test="name != null">
        #{name,jdbcType=VARCHAR},
      </if>
      <if test="number != null">
        #{number,jdbcType=DOUBLE},
      </if>
      <if test="x != null">
        #{x,jdbcType=DOUBLE},
      </if>
      <if test="y != null">
        #{y,jdbcType=DOUBLE},
      </if>
    </trim>
  </insert>
  <select id="countByExample" parameterType="com.i1314i.ourproject.po.javabean.PrecipitationMonitoringExample" resultType="java.lang.Long">
    select count(*) from precipitation_monitoring
    <if test="_parameter != null">
      <include refid="Example_Where_Clause" />
    </if>
  </select>
  <update id="updateByExampleSelective" parameterType="map">
    update precipitation_monitoring
    <set>
      <if test="record.jiangshuiId != null">
        jiangshui_id = #{record.jiangshuiId,jdbcType=INTEGER},
      </if>
      <if test="record.starttime != null">
        starttime = #{record.starttime,jdbcType=DATE},
      </if>
      <if test="record.endtime != null">
        endtime = #{record.endtime,jdbcType=DATE},
      </if>
      <if test="record.unit != null">
        unit = #{record.unit,jdbcType=VARCHAR},
      </if>
      <if test="record.name != null">
        name = #{record.name,jdbcType=VARCHAR},
      </if>
      <if test="record.number != null">
        number = #{record.number,jdbcType=DOUBLE},
      </if>
      <if test="record.x != null">
        x = #{record.x,jdbcType=DOUBLE},
      </if>
      <if test="record.y != null">
        y = #{record.y,jdbcType=DOUBLE},
      </if>
    </set>
    <if test="_parameter != null">
      <include refid="Update_By_Example_Where_Clause" />
    </if>
  </update>
  <update id="updateByExample" parameterType="map">
    update precipitation_monitoring
    set jiangshui_id = #{record.jiangshuiId,jdbcType=INTEGER},
      starttime = #{record.starttime,jdbcType=DATE},
      endtime = #{record.endtime,jdbcType=DATE},
      unit = #{record.unit,jdbcType=VARCHAR},
      name = #{record.name,jdbcType=VARCHAR},
      number = #{record.number,jdbcType=DOUBLE},
      x = #{record.x,jdbcType=DOUBLE},
      y = #{record.y,jdbcType=DOUBLE}
    <if test="_parameter != null">
      <include refid="Update_By_Example_Where_Clause" />
    </if>
  </update>
  <update id="updateByPrimaryKeySelective" parameterType="com.i1314i.ourproject.po.javabean.PrecipitationMonitoring">
    update precipitation_monitoring
    <set>
      <if test="starttime != null">
        starttime = #{starttime,jdbcType=DATE},
      </if>
      <if test="endtime != null">
        endtime = #{endtime,jdbcType=DATE},
      </if>
      <if test="unit != null">
        unit = #{unit,jdbcType=VARCHAR},
      </if>
      <if test="name != null">
        name = #{name,jdbcType=VARCHAR},
      </if>
      <if test="number != null">
        number = #{number,jdbcType=DOUBLE},
      </if>
      <if test="x != null">
        x = #{x,jdbcType=DOUBLE},
      </if>
      <if test="y != null">
        y = #{y,jdbcType=DOUBLE},
      </if>
    </set>
    where jiangshui_id = #{jiangshuiId,jdbcType=INTEGER}
  </update>
  <update id="updateByPrimaryKey" parameterType="com.i1314i.ourproject.po.javabean.PrecipitationMonitoring">
    update precipitation_monitoring
    set starttime = #{starttime,jdbcType=DATE},
      endtime = #{endtime,jdbcType=DATE},
      unit = #{unit,jdbcType=VARCHAR},
      name = #{name,jdbcType=VARCHAR},
      number = #{number,jdbcType=DOUBLE},
      x = #{x,jdbcType=DOUBLE},
      y = #{y,jdbcType=DOUBLE}
    where jiangshui_id = #{jiangshuiId,jdbcType=INTEGER}
  </update>
</mapper>