<?xml version="1.0" encoding="UTF-8"?>
<!DOCTYPE mapper PUBLIC "-//mybatis.org//DTD Mapper 3.0//EN" "http://mybatis.org/dtd/mybatis-3-mapper.dtd">
<mapper namespace="com.i1314i.ourproject.mapper.QiuGouXinXiMapper">
  <resultMap id="BaseResultMap" type="com.i1314i.ourproject.po.javabean.QiuGouXinXi">
    <id column="qiu_gou_id" jdbcType="INTEGER" property="qiuGouId" />
    <result column="chan_pin_ming_cheng" jdbcType="VARCHAR" property="chanPinMingCheng" />
    <result column="fa_bu_ren" jdbcType="VARCHAR" property="faBuRen" />
    <result column="cai_gou_liang" jdbcType="DOUBLE" property="caiGouLiang" />
    <result column="pin_zhong" jdbcType="VARCHAR" property="pinZhong" />
    <result column="price" jdbcType="VARCHAR" property="price" />
    <result column="tel" jdbcType="VARCHAR" property="tel" />
    <result column="time" jdbcType="DATE" property="time" />
    <result column="huo_yuan_di_zhi" jdbcType="VARCHAR" property="huoYuanDiZhi" />
    <result column="beiyong1" jdbcType="VARCHAR" property="beiyong1" />
    <result column="beiyong2" jdbcType="VARCHAR" property="beiyong2" />
    <result column="shenhe" jdbcType="VARCHAR" property="shenhe" />
    <result column="yuanyin" jdbcType="VARCHAR" property="yuanyin" />
    <result column="beiyong3" jdbcType="VARCHAR" property="beiyong3" />
    <result column="beiyong4" jdbcType="VARCHAR" property="beiyong4" />
    <result column="beiyong5" jdbcType="VARCHAR" property="beiyong5" />
    <result column="bumen" jdbcType="INTEGER" property="bumen" />
  </resultMap>
  <sql id="Example_Where_Clause">
    <where>
      <foreach collection="oredCriteria" item="criteria" separator="or">
        <if test="criteria.valid">
          <trim prefix="(" prefixOverrides="and" suffix=")">
            <foreach collection="criteria.criteria" item="criterion">
              <choose>
                <when test="criterion.noValue">
                  and ${criterion.condition}
                </when>
                <when test="criterion.singleValue">
                  and ${criterion.condition} #{criterion.value}
                </when>
                <when test="criterion.betweenValue">
                  and ${criterion.condition} #{criterion.value} and #{criterion.secondValue}
                </when>
                <when test="criterion.listValue">
                  and ${criterion.condition}
                  <foreach close=")" collection="criterion.value" item="listItem" open="(" separator=",">
                    #{listItem}
                  </foreach>
                </when>
              </choose>
            </foreach>
          </trim>
        </if>
      </foreach>
    </where>
  </sql>
  <sql id="Update_By_Example_Where_Clause">
    <where>
      <foreach collection="example.oredCriteria" item="criteria" separator="or">
        <if test="criteria.valid">
          <trim prefix="(" prefixOverrides="and" suffix=")">
            <foreach collection="criteria.criteria" item="criterion">
              <choose>
                <when test="criterion.noValue">
                  and ${criterion.condition}
                </when>
                <when test="criterion.singleValue">
                  and ${criterion.condition} #{criterion.value}
                </when>
                <when test="criterion.betweenValue">
                  and ${criterion.condition} #{criterion.value} and #{criterion.secondValue}
                </when>
                <when test="criterion.listValue">
                  and ${criterion.condition}
                  <foreach close=")" collection="criterion.value" item="listItem" open="(" separator=",">
                    #{listItem}
                  </foreach>
                </when>
              </choose>
            </foreach>
          </trim>
        </if>
      </foreach>
    </where>
  </sql>
  <sql id="Base_Column_List">
    qiu_gou_id, chan_pin_ming_cheng, fa_bu_ren, cai_gou_liang, pin_zhong, price, tel, 
    time, huo_yuan_di_zhi, beiyong1, beiyong2, shenhe, yuanyin, beiyong3, beiyong4, beiyong5, 
    bumen
  </sql>
  <select id="selectByExample" parameterType="com.i1314i.ourproject.po.javabean.QiuGouXinXiExample" resultMap="BaseResultMap">
    select
    <if test="distinct">
      distinct
    </if>
    <include refid="Base_Column_List" />
    from qiu_gou_xin_xi
    <if test="_parameter != null">
      <include refid="Example_Where_Clause" />
    </if>
    <if test="orderByClause != null">
      order by ${orderByClause}
    </if>
  </select>
  <select id="selectByPrimaryKey" parameterType="java.lang.Integer" resultMap="BaseResultMap">
    select 
    <include refid="Base_Column_List" />
    from qiu_gou_xin_xi
    where qiu_gou_id = #{qiuGouId,jdbcType=INTEGER}
  </select>
  <delete id="deleteByPrimaryKey" parameterType="java.lang.Integer">
    delete from qiu_gou_xin_xi
    where qiu_gou_id = #{qiuGouId,jdbcType=INTEGER}
  </delete>
  <delete id="deleteByExample" parameterType="com.i1314i.ourproject.po.javabean.QiuGouXinXiExample">
    delete from qiu_gou_xin_xi
    <if test="_parameter != null">
      <include refid="Example_Where_Clause" />
    </if>
  </delete>
  <insert id="insert" parameterType="com.i1314i.ourproject.po.javabean.QiuGouXinXi">
    insert into qiu_gou_xin_xi (qiu_gou_id, chan_pin_ming_cheng, fa_bu_ren, 
      cai_gou_liang, pin_zhong, price, 
      tel, time, huo_yuan_di_zhi, 
      beiyong1, beiyong2, shenhe, 
      yuanyin, beiyong3, beiyong4, 
      beiyong5, bumen)
    values (#{qiuGouId,jdbcType=INTEGER}, #{chanPinMingCheng,jdbcType=VARCHAR}, #{faBuRen,jdbcType=VARCHAR}, 
      #{caiGouLiang,jdbcType=DOUBLE}, #{pinZhong,jdbcType=VARCHAR}, #{price,jdbcType=VARCHAR}, 
      #{tel,jdbcType=VARCHAR}, #{time,jdbcType=DATE}, #{huoYuanDiZhi,jdbcType=VARCHAR}, 
      #{beiyong1,jdbcType=VARCHAR}, #{beiyong2,jdbcType=VARCHAR}, #{shenhe,jdbcType=VARCHAR}, 
      #{yuanyin,jdbcType=VARCHAR}, #{beiyong3,jdbcType=VARCHAR}, #{beiyong4,jdbcType=VARCHAR}, 
      #{beiyong5,jdbcType=VARCHAR}, #{bumen,jdbcType=INTEGER})
  </insert>
  <insert id="insertSelective" parameterType="com.i1314i.ourproject.po.javabean.QiuGouXinXi">
    insert into qiu_gou_xin_xi
    <trim prefix="(" suffix=")" suffixOverrides=",">
      <if test="qiuGouId != null">
        qiu_gou_id,
      </if>
      <if test="chanPinMingCheng != null">
        chan_pin_ming_cheng,
      </if>
      <if test="faBuRen != null">
        fa_bu_ren,
      </if>
      <if test="caiGouLiang != null">
        cai_gou_liang,
      </if>
      <if test="pinZhong != null">
        pin_zhong,
      </if>
      <if test="price != null">
        price,
      </if>
      <if test="tel != null">
        tel,
      </if>
      <if test="time != null">
        time,
      </if>
      <if test="huoYuanDiZhi != null">
        huo_yuan_di_zhi,
      </if>
      <if test="beiyong1 != null">
        beiyong1,
      </if>
      <if test="beiyong2 != null">
        beiyong2,
      </if>
      <if test="shenhe != null">
        shenhe,
      </if>
      <if test="yuanyin != null">
        yuanyin,
      </if>
      <if test="beiyong3 != null">
        beiyong3,
      </if>
      <if test="beiyong4 != null">
        beiyong4,
      </if>
      <if test="beiyong5 != null">
        beiyong5,
      </if>
      <if test="bumen != null">
        bumen,
      </if>
    </trim>
    <trim prefix="values (" suffix=")" suffixOverrides=",">
      <if test="qiuGouId != null">
        #{qiuGouId,jdbcType=INTEGER},
      </if>
      <if test="chanPinMingCheng != null">
        #{chanPinMingCheng,jdbcType=VARCHAR},
      </if>
      <if test="faBuRen != null">
        #{faBuRen,jdbcType=VARCHAR},
      </if>
      <if test="caiGouLiang != null">
        #{caiGouLiang,jdbcType=DOUBLE},
      </if>
      <if test="pinZhong != null">
        #{pinZhong,jdbcType=VARCHAR},
      </if>
      <if test="price != null">
        #{price,jdbcType=VARCHAR},
      </if>
      <if test="tel != null">
        #{tel,jdbcType=VARCHAR},
      </if>
      <if test="time != null">
        #{time,jdbcType=DATE},
      </if>
      <if test="huoYuanDiZhi != null">
        #{huoYuanDiZhi,jdbcType=VARCHAR},
      </if>
      <if test="beiyong1 != null">
        #{beiyong1,jdbcType=VARCHAR},
      </if>
      <if test="beiyong2 != null">
        #{beiyong2,jdbcType=VARCHAR},
      </if>
      <if test="shenhe != null">
        #{shenhe,jdbcType=VARCHAR},
      </if>
      <if test="yuanyin != null">
        #{yuanyin,jdbcType=VARCHAR},
      </if>
      <if test="beiyong3 != null">
        #{beiyong3,jdbcType=VARCHAR},
      </if>
      <if test="beiyong4 != null">
        #{beiyong4,jdbcType=VARCHAR},
      </if>
      <if test="beiyong5 != null">
        #{beiyong5,jdbcType=VARCHAR},
      </if>
      <if test="bumen != null">
        #{bumen,jdbcType=INTEGER},
      </if>
    </trim>
  </insert>
  <select id="countByExample" parameterType="com.i1314i.ourproject.po.javabean.QiuGouXinXiExample" resultType="java.lang.Long">
    select count(*) from qiu_gou_xin_xi
    <if test="_parameter != null">
      <include refid="Example_Where_Clause" />
    </if>
  </select>
  <update id="updateByExampleSelective" parameterType="map">
    update qiu_gou_xin_xi
    <set>
      <if test="record.qiuGouId != null">
        qiu_gou_id = #{record.qiuGouId,jdbcType=INTEGER},
      </if>
      <if test="record.chanPinMingCheng != null">
        chan_pin_ming_cheng = #{record.chanPinMingCheng,jdbcType=VARCHAR},
      </if>
      <if test="record.faBuRen != null">
        fa_bu_ren = #{record.faBuRen,jdbcType=VARCHAR},
      </if>
      <if test="record.caiGouLiang != null">
        cai_gou_liang = #{record.caiGouLiang,jdbcType=DOUBLE},
      </if>
      <if test="record.pinZhong != null">
        pin_zhong = #{record.pinZhong,jdbcType=VARCHAR},
      </if>
      <if test="record.price != null">
        price = #{record.price,jdbcType=VARCHAR},
      </if>
      <if test="record.tel != null">
        tel = #{record.tel,jdbcType=VARCHAR},
      </if>
      <if test="record.time != null">
        time = #{record.time,jdbcType=DATE},
      </if>
      <if test="record.huoYuanDiZhi != null">
        huo_yuan_di_zhi = #{record.huoYuanDiZhi,jdbcType=VARCHAR},
      </if>
      <if test="record.beiyong1 != null">
        beiyong1 = #{record.beiyong1,jdbcType=VARCHAR},
      </if>
      <if test="record.beiyong2 != null">
        beiyong2 = #{record.beiyong2,jdbcType=VARCHAR},
      </if>
      <if test="record.shenhe != null">
        shenhe = #{record.shenhe,jdbcType=VARCHAR},
      </if>
      <if test="record.yuanyin != null">
        yuanyin = #{record.yuanyin,jdbcType=VARCHAR},
      </if>
      <if test="record.beiyong3 != null">
        beiyong3 = #{record.beiyong3,jdbcType=VARCHAR},
      </if>
      <if test="record.beiyong4 != null">
        beiyong4 = #{record.beiyong4,jdbcType=VARCHAR},
      </if>
      <if test="record.beiyong5 != null">
        beiyong5 = #{record.beiyong5,jdbcType=VARCHAR},
      </if>
      <if test="record.bumen != null">
        bumen = #{record.bumen,jdbcType=INTEGER},
      </if>
    </set>
    <if test="_parameter != null">
      <include refid="Update_By_Example_Where_Clause" />
    </if>
  </update>
  <update id="updateByExample" parameterType="map">
    update qiu_gou_xin_xi
    set qiu_gou_id = #{record.qiuGouId,jdbcType=INTEGER},
      chan_pin_ming_cheng = #{record.chanPinMingCheng,jdbcType=VARCHAR},
      fa_bu_ren = #{record.faBuRen,jdbcType=VARCHAR},
      cai_gou_liang = #{record.caiGouLiang,jdbcType=DOUBLE},
      pin_zhong = #{record.pinZhong,jdbcType=VARCHAR},
      price = #{record.price,jdbcType=VARCHAR},
      tel = #{record.tel,jdbcType=VARCHAR},
      time = #{record.time,jdbcType=DATE},
      huo_yuan_di_zhi = #{record.huoYuanDiZhi,jdbcType=VARCHAR},
      beiyong1 = #{record.beiyong1,jdbcType=VARCHAR},
      beiyong2 = #{record.beiyong2,jdbcType=VARCHAR},
      shenhe = #{record.shenhe,jdbcType=VARCHAR},
      yuanyin = #{record.yuanyin,jdbcType=VARCHAR},
      beiyong3 = #{record.beiyong3,jdbcType=VARCHAR},
      beiyong4 = #{record.beiyong4,jdbcType=VARCHAR},
      beiyong5 = #{record.beiyong5,jdbcType=VARCHAR},
      bumen = #{record.bumen,jdbcType=INTEGER}
    <if test="_parameter != null">
      <include refid="Update_By_Example_Where_Clause" />
    </if>
  </update>
  <update id="updateByPrimaryKeySelective" parameterType="com.i1314i.ourproject.po.javabean.QiuGouXinXi">
    update qiu_gou_xin_xi
    <set>
      <if test="chanPinMingCheng != null">
        chan_pin_ming_cheng = #{chanPinMingCheng,jdbcType=VARCHAR},
      </if>
      <if test="faBuRen != null">
        fa_bu_ren = #{faBuRen,jdbcType=VARCHAR},
      </if>
      <if test="caiGouLiang != null">
        cai_gou_liang = #{caiGouLiang,jdbcType=DOUBLE},
      </if>
      <if test="pinZhong != null">
        pin_zhong = #{pinZhong,jdbcType=VARCHAR},
      </if>
      <if test="price != null">
        price = #{price,jdbcType=VARCHAR},
      </if>
      <if test="tel != null">
        tel = #{tel,jdbcType=VARCHAR},
      </if>
      <if test="time != null">
        time = #{time,jdbcType=DATE},
      </if>
      <if test="huoYuanDiZhi != null">
        huo_yuan_di_zhi = #{huoYuanDiZhi,jdbcType=VARCHAR},
      </if>
      <if test="beiyong1 != null">
        beiyong1 = #{beiyong1,jdbcType=VARCHAR},
      </if>
      <if test="beiyong2 != null">
        beiyong2 = #{beiyong2,jdbcType=VARCHAR},
      </if>
      <if test="shenhe != null">
        shenhe = #{shenhe,jdbcType=VARCHAR},
      </if>
      <if test="yuanyin != null">
        yuanyin = #{yuanyin,jdbcType=VARCHAR},
      </if>
      <if test="beiyong3 != null">
        beiyong3 = #{beiyong3,jdbcType=VARCHAR},
      </if>
      <if test="beiyong4 != null">
        beiyong4 = #{beiyong4,jdbcType=VARCHAR},
      </if>
      <if test="beiyong5 != null">
        beiyong5 = #{beiyong5,jdbcType=VARCHAR},
      </if>
      <if test="bumen != null">
        bumen = #{bumen,jdbcType=INTEGER},
      </if>
    </set>
    where qiu_gou_id = #{qiuGouId,jdbcType=INTEGER}
  </update>
  <update id="updateByPrimaryKey" parameterType="com.i1314i.ourproject.po.javabean.QiuGouXinXi">
    update qiu_gou_xin_xi
    set chan_pin_ming_cheng = #{chanPinMingCheng,jdbcType=VARCHAR},
      fa_bu_ren = #{faBuRen,jdbcType=VARCHAR},
      cai_gou_liang = #{caiGouLiang,jdbcType=DOUBLE},
      pin_zhong = #{pinZhong,jdbcType=VARCHAR},
      price = #{price,jdbcType=VARCHAR},
      tel = #{tel,jdbcType=VARCHAR},
      time = #{time,jdbcType=DATE},
      huo_yuan_di_zhi = #{huoYuanDiZhi,jdbcType=VARCHAR},
      beiyong1 = #{beiyong1,jdbcType=VARCHAR},
      beiyong2 = #{beiyong2,jdbcType=VARCHAR},
      shenhe = #{shenhe,jdbcType=VARCHAR},
      yuanyin = #{yuanyin,jdbcType=VARCHAR},
      beiyong3 = #{beiyong3,jdbcType=VARCHAR},
      beiyong4 = #{beiyong4,jdbcType=VARCHAR},
      beiyong5 = #{beiyong5,jdbcType=VARCHAR},
      bumen = #{bumen,jdbcType=INTEGER}
    where qiu_gou_id = #{qiuGouId,jdbcType=INTEGER}
  </update>
</mapper>