<?xml version="1.0" encoding="UTF-8"?>
<!DOCTYPE mapper PUBLIC "-//mybatis.org//DTD Mapper 3.0//EN" "http://mybatis.org/dtd/mybatis-3-mapper.dtd">
<mapper namespace="com.i1314i.ourproject.mapper.RecruitMapper">
  <resultMap id="BaseResultMap" type="com.i1314i.ourproject.po.javabean.Recruit">
    <id column="zhaogong_id" jdbcType="VARCHAR" property="zhaogongId" />
    <result column="name" jdbcType="VARCHAR" property="name" />
    <result column="address" jdbcType="VARCHAR" property="address" />
    <result column="station" jdbcType="VARCHAR" property="station" />
    <result column="demand" jdbcType="VARCHAR" property="demand" />
    <result column="telphone" jdbcType="VARCHAR" property="telphone" />
    <result column="type" jdbcType="VARCHAR" property="type" />
    <result column="fabutiem" jdbcType="DATE" property="fabutiem" />
  </resultMap>
  <sql id="Example_Where_Clause">
    <where>
      <foreach collection="oredCriteria" item="criteria" separator="or">
        <if test="criteria.valid">
          <trim prefix="(" prefixOverrides="and" suffix=")">
            <foreach collection="criteria.criteria" item="criterion">
              <choose>
                <when test="criterion.noValue">
                  and ${criterion.condition}
                </when>
                <when test="criterion.singleValue">
                  and ${criterion.condition} #{criterion.value}
                </when>
                <when test="criterion.betweenValue">
                  and ${criterion.condition} #{criterion.value} and #{criterion.secondValue}
                </when>
                <when test="criterion.listValue">
                  and ${criterion.condition}
                  <foreach close=")" collection="criterion.value" item="listItem" open="(" separator=",">
                    #{listItem}
                  </foreach>
                </when>
              </choose>
            </foreach>
          </trim>
        </if>
      </foreach>
    </where>
  </sql>
  <sql id="Update_By_Example_Where_Clause">
    <where>
      <foreach collection="example.oredCriteria" item="criteria" separator="or">
        <if test="criteria.valid">
          <trim prefix="(" prefixOverrides="and" suffix=")">
            <foreach collection="criteria.criteria" item="criterion">
              <choose>
                <when test="criterion.noValue">
                  and ${criterion.condition}
                </when>
                <when test="criterion.singleValue">
                  and ${criterion.condition} #{criterion.value}
                </when>
                <when test="criterion.betweenValue">
                  and ${criterion.condition} #{criterion.value} and #{criterion.secondValue}
                </when>
                <when test="criterion.listValue">
                  and ${criterion.condition}
                  <foreach close=")" collection="criterion.value" item="listItem" open="(" separator=",">
                    #{listItem}
                  </foreach>
                </when>
              </choose>
            </foreach>
          </trim>
        </if>
      </foreach>
    </where>
  </sql>
  <sql id="Base_Column_List">
    zhaogong_id, name, address, station, demand, telphone, type, fabutiem
  </sql>
  <select id="selectByExample" parameterType="com.i1314i.ourproject.po.javabean.RecruitExample" resultMap="BaseResultMap">
    select
    <if test="distinct">
      distinct
    </if>
    <include refid="Base_Column_List" />
    from recruit
    <if test="_parameter != null">
      <include refid="Example_Where_Clause" />
    </if>
    <if test="orderByClause != null">
      order by ${orderByClause}
    </if>
  </select>
  <select id="selectByPrimaryKey" parameterType="java.lang.String" resultMap="BaseResultMap">
    select 
    <include refid="Base_Column_List" />
    from recruit
    where zhaogong_id = #{zhaogongId,jdbcType=VARCHAR}
  </select>
  <delete id="deleteByPrimaryKey" parameterType="java.lang.String">
    delete from recruit
    where zhaogong_id = #{zhaogongId,jdbcType=VARCHAR}
  </delete>
  <delete id="deleteByExample" parameterType="com.i1314i.ourproject.po.javabean.RecruitExample">
    delete from recruit
    <if test="_parameter != null">
      <include refid="Example_Where_Clause" />
    </if>
  </delete>
  <insert id="insert" parameterType="com.i1314i.ourproject.po.javabean.Recruit">
    insert into recruit (zhaogong_id, name, address, 
      station, demand, telphone, 
      type, fabutiem)
    values (#{zhaogongId,jdbcType=VARCHAR}, #{name,jdbcType=VARCHAR}, #{address,jdbcType=VARCHAR}, 
      #{station,jdbcType=VARCHAR}, #{demand,jdbcType=VARCHAR}, #{telphone,jdbcType=VARCHAR}, 
      #{type,jdbcType=VARCHAR}, #{fabutiem,jdbcType=DATE})
  </insert>
  <insert id="insertSelective" parameterType="com.i1314i.ourproject.po.javabean.Recruit">
    insert into recruit
    <trim prefix="(" suffix=")" suffixOverrides=",">
      <if test="zhaogongId != null">
        zhaogong_id,
      </if>
      <if test="name != null">
        name,
      </if>
      <if test="address != null">
        address,
      </if>
      <if test="station != null">
        station,
      </if>
      <if test="demand != null">
        demand,
      </if>
      <if test="telphone != null">
        telphone,
      </if>
      <if test="type != null">
        type,
      </if>
      <if test="fabutiem != null">
        fabutiem,
      </if>
    </trim>
    <trim prefix="values (" suffix=")" suffixOverrides=",">
      <if test="zhaogongId != null">
        #{zhaogongId,jdbcType=VARCHAR},
      </if>
      <if test="name != null">
        #{name,jdbcType=VARCHAR},
      </if>
      <if test="address != null">
        #{address,jdbcType=VARCHAR},
      </if>
      <if test="station != null">
        #{station,jdbcType=VARCHAR},
      </if>
      <if test="demand != null">
        #{demand,jdbcType=VARCHAR},
      </if>
      <if test="telphone != null">
        #{telphone,jdbcType=VARCHAR},
      </if>
      <if test="type != null">
        #{type,jdbcType=VARCHAR},
      </if>
      <if test="fabutiem != null">
        #{fabutiem,jdbcType=DATE},
      </if>
    </trim>
  </insert>
  <select id="countByExample" parameterType="com.i1314i.ourproject.po.javabean.RecruitExample" resultType="java.lang.Long">
    select count(*) from recruit
    <if test="_parameter != null">
      <include refid="Example_Where_Clause" />
    </if>
  </select>
  <update id="updateByExampleSelective" parameterType="map">
    update recruit
    <set>
      <if test="record.zhaogongId != null">
        zhaogong_id = #{record.zhaogongId,jdbcType=VARCHAR},
      </if>
      <if test="record.name != null">
        name = #{record.name,jdbcType=VARCHAR},
      </if>
      <if test="record.address != null">
        address = #{record.address,jdbcType=VARCHAR},
      </if>
      <if test="record.station != null">
        station = #{record.station,jdbcType=VARCHAR},
      </if>
      <if test="record.demand != null">
        demand = #{record.demand,jdbcType=VARCHAR},
      </if>
      <if test="record.telphone != null">
        telphone = #{record.telphone,jdbcType=VARCHAR},
      </if>
      <if test="record.type != null">
        type = #{record.type,jdbcType=VARCHAR},
      </if>
      <if test="record.fabutiem != null">
        fabutiem = #{record.fabutiem,jdbcType=DATE},
      </if>
    </set>
    <if test="_parameter != null">
      <include refid="Update_By_Example_Where_Clause" />
    </if>
  </update>
  <update id="updateByExample" parameterType="map">
    update recruit
    set zhaogong_id = #{record.zhaogongId,jdbcType=VARCHAR},
      name = #{record.name,jdbcType=VARCHAR},
      address = #{record.address,jdbcType=VARCHAR},
      station = #{record.station,jdbcType=VARCHAR},
      demand = #{record.demand,jdbcType=VARCHAR},
      telphone = #{record.telphone,jdbcType=VARCHAR},
      type = #{record.type,jdbcType=VARCHAR},
      fabutiem = #{record.fabutiem,jdbcType=DATE}
    <if test="_parameter != null">
      <include refid="Update_By_Example_Where_Clause" />
    </if>
  </update>
  <update id="updateByPrimaryKeySelective" parameterType="com.i1314i.ourproject.po.javabean.Recruit">
    update recruit
    <set>
      <if test="name != null">
        name = #{name,jdbcType=VARCHAR},
      </if>
      <if test="address != null">
        address = #{address,jdbcType=VARCHAR},
      </if>
      <if test="station != null">
        station = #{station,jdbcType=VARCHAR},
      </if>
      <if test="demand != null">
        demand = #{demand,jdbcType=VARCHAR},
      </if>
      <if test="telphone != null">
        telphone = #{telphone,jdbcType=VARCHAR},
      </if>
      <if test="type != null">
        type = #{type,jdbcType=VARCHAR},
      </if>
      <if test="fabutiem != null">
        fabutiem = #{fabutiem,jdbcType=DATE},
      </if>
    </set>
    where zhaogong_id = #{zhaogongId,jdbcType=VARCHAR}
  </update>
  <update id="updateByPrimaryKey" parameterType="com.i1314i.ourproject.po.javabean.Recruit">
    update recruit
    set name = #{name,jdbcType=VARCHAR},
      address = #{address,jdbcType=VARCHAR},
      station = #{station,jdbcType=VARCHAR},
      demand = #{demand,jdbcType=VARCHAR},
      telphone = #{telphone,jdbcType=VARCHAR},
      type = #{type,jdbcType=VARCHAR},
      fabutiem = #{fabutiem,jdbcType=DATE}
    where zhaogong_id = #{zhaogongId,jdbcType=VARCHAR}
  </update>
</mapper>