<?xml version="1.0" encoding="UTF-8"?>
<!DOCTYPE mapper PUBLIC "-//mybatis.org//DTD Mapper 3.0//EN" "http://mybatis.org/dtd/mybatis-3-mapper.dtd">
<mapper namespace="com.i1314i.ourproject.mapper.ReservoirMapper">
  <resultMap id="BaseResultMap" type="com.i1314i.ourproject.po.javabean.Reservoir">
    <id column="shuiku_id" jdbcType="INTEGER" property="shuikuId" />
    <result column="name" jdbcType="VARCHAR" property="name" />
    <result column="address" jdbcType="VARCHAR" property="address" />
    <result column="all_capacity" jdbcType="DOUBLE" property="allCapacity" />
    <result column="xingli_water_level" jdbcType="DOUBLE" property="xingliWaterLevel" />
    <result column="water_storage" jdbcType="DOUBLE" property="waterStorage" />
    <result column="xunxian_water_level" jdbcType="DOUBLE" property="xunxianWaterLevel" />
    <result column="now_water_level" jdbcType="DOUBLE" property="nowWaterLevel" />
    <result column="now_storage" jdbcType="DOUBLE" property="nowStorage" />
    <result column="x" jdbcType="DOUBLE" property="x" />
    <result column="y" jdbcType="DOUBLE" property="y" />
  </resultMap>
  <sql id="Example_Where_Clause">
    <where>
      <foreach collection="oredCriteria" item="criteria" separator="or">
        <if test="criteria.valid">
          <trim prefix="(" prefixOverrides="and" suffix=")">
            <foreach collection="criteria.criteria" item="criterion">
              <choose>
                <when test="criterion.noValue">
                  and ${criterion.condition}
                </when>
                <when test="criterion.singleValue">
                  and ${criterion.condition} #{criterion.value}
                </when>
                <when test="criterion.betweenValue">
                  and ${criterion.condition} #{criterion.value} and #{criterion.secondValue}
                </when>
                <when test="criterion.listValue">
                  and ${criterion.condition}
                  <foreach close=")" collection="criterion.value" item="listItem" open="(" separator=",">
                    #{listItem}
                  </foreach>
                </when>
              </choose>
            </foreach>
          </trim>
        </if>
      </foreach>
    </where>
  </sql>
  <sql id="Update_By_Example_Where_Clause">
    <where>
      <foreach collection="example.oredCriteria" item="criteria" separator="or">
        <if test="criteria.valid">
          <trim prefix="(" prefixOverrides="and" suffix=")">
            <foreach collection="criteria.criteria" item="criterion">
              <choose>
                <when test="criterion.noValue">
                  and ${criterion.condition}
                </when>
                <when test="criterion.singleValue">
                  and ${criterion.condition} #{criterion.value}
                </when>
                <when test="criterion.betweenValue">
                  and ${criterion.condition} #{criterion.value} and #{criterion.secondValue}
                </when>
                <when test="criterion.listValue">
                  and ${criterion.condition}
                  <foreach close=")" collection="criterion.value" item="listItem" open="(" separator=",">
                    #{listItem}
                  </foreach>
                </when>
              </choose>
            </foreach>
          </trim>
        </if>
      </foreach>
    </where>
  </sql>
  <sql id="Base_Column_List">
    shuiku_id, name, address, all_capacity, xingli_water_level, water_storage, xunxian_water_level, 
    now_water_level, now_storage, x, y
  </sql>
  <select id="selectByExample" parameterType="com.i1314i.ourproject.po.javabean.ReservoirExample" resultMap="BaseResultMap">
    select
    <if test="distinct">
      distinct
    </if>
    <include refid="Base_Column_List" />
    from reservoir
    <if test="_parameter != null">
      <include refid="Example_Where_Clause" />
    </if>
    <if test="orderByClause != null">
      order by ${orderByClause}
    </if>
  </select>
  <select id="selectByPrimaryKey" parameterType="java.lang.Integer" resultMap="BaseResultMap">
    select 
    <include refid="Base_Column_List" />
    from reservoir
    where shuiku_id = #{shuikuId,jdbcType=INTEGER}
  </select>
  <delete id="deleteByPrimaryKey" parameterType="java.lang.Integer">
    delete from reservoir
    where shuiku_id = #{shuikuId,jdbcType=INTEGER}
  </delete>
  <delete id="deleteByExample" parameterType="com.i1314i.ourproject.po.javabean.ReservoirExample">
    delete from reservoir
    <if test="_parameter != null">
      <include refid="Example_Where_Clause" />
    </if>
  </delete>
  <insert id="insert" parameterType="com.i1314i.ourproject.po.javabean.Reservoir">
    insert into reservoir (shuiku_id, name, address, 
      all_capacity, xingli_water_level, water_storage, 
      xunxian_water_level, now_water_level, now_storage, 
      x, y)
    values (#{shuikuId,jdbcType=INTEGER}, #{name,jdbcType=VARCHAR}, #{address,jdbcType=VARCHAR}, 
      #{allCapacity,jdbcType=DOUBLE}, #{xingliWaterLevel,jdbcType=DOUBLE}, #{waterStorage,jdbcType=DOUBLE}, 
      #{xunxianWaterLevel,jdbcType=DOUBLE}, #{nowWaterLevel,jdbcType=DOUBLE}, #{nowStorage,jdbcType=DOUBLE}, 
      #{x,jdbcType=DOUBLE}, #{y,jdbcType=DOUBLE})
  </insert>
  <insert id="insertSelective" parameterType="com.i1314i.ourproject.po.javabean.Reservoir">
    insert into reservoir
    <trim prefix="(" suffix=")" suffixOverrides=",">
      <if test="shuikuId != null">
        shuiku_id,
      </if>
      <if test="name != null">
        name,
      </if>
      <if test="address != null">
        address,
      </if>
      <if test="allCapacity != null">
        all_capacity,
      </if>
      <if test="xingliWaterLevel != null">
        xingli_water_level,
      </if>
      <if test="waterStorage != null">
        water_storage,
      </if>
      <if test="xunxianWaterLevel != null">
        xunxian_water_level,
      </if>
      <if test="nowWaterLevel != null">
        now_water_level,
      </if>
      <if test="nowStorage != null">
        now_storage,
      </if>
      <if test="x != null">
        x,
      </if>
      <if test="y != null">
        y,
      </if>
    </trim>
    <trim prefix="values (" suffix=")" suffixOverrides=",">
      <if test="shuikuId != null">
        #{shuikuId,jdbcType=INTEGER},
      </if>
      <if test="name != null">
        #{name,jdbcType=VARCHAR},
      </if>
      <if test="address != null">
        #{address,jdbcType=VARCHAR},
      </if>
      <if test="allCapacity != null">
        #{allCapacity,jdbcType=DOUBLE},
      </if>
      <if test="xingliWaterLevel != null">
        #{xingliWaterLevel,jdbcType=DOUBLE},
      </if>
      <if test="waterStorage != null">
        #{waterStorage,jdbcType=DOUBLE},
      </if>
      <if test="xunxianWaterLevel != null">
        #{xunxianWaterLevel,jdbcType=DOUBLE},
      </if>
      <if test="nowWaterLevel != null">
        #{nowWaterLevel,jdbcType=DOUBLE},
      </if>
      <if test="nowStorage != null">
        #{nowStorage,jdbcType=DOUBLE},
      </if>
      <if test="x != null">
        #{x,jdbcType=DOUBLE},
      </if>
      <if test="y != null">
        #{y,jdbcType=DOUBLE},
      </if>
    </trim>
  </insert>
  <select id="countByExample" parameterType="com.i1314i.ourproject.po.javabean.ReservoirExample" resultType="java.lang.Long">
    select count(*) from reservoir
    <if test="_parameter != null">
      <include refid="Example_Where_Clause" />
    </if>
  </select>
  <update id="updateByExampleSelective" parameterType="map">
    update reservoir
    <set>
      <if test="record.shuikuId != null">
        shuiku_id = #{record.shuikuId,jdbcType=INTEGER},
      </if>
      <if test="record.name != null">
        name = #{record.name,jdbcType=VARCHAR},
      </if>
      <if test="record.address != null">
        address = #{record.address,jdbcType=VARCHAR},
      </if>
      <if test="record.allCapacity != null">
        all_capacity = #{record.allCapacity,jdbcType=DOUBLE},
      </if>
      <if test="record.xingliWaterLevel != null">
        xingli_water_level = #{record.xingliWaterLevel,jdbcType=DOUBLE},
      </if>
      <if test="record.waterStorage != null">
        water_storage = #{record.waterStorage,jdbcType=DOUBLE},
      </if>
      <if test="record.xunxianWaterLevel != null">
        xunxian_water_level = #{record.xunxianWaterLevel,jdbcType=DOUBLE},
      </if>
      <if test="record.nowWaterLevel != null">
        now_water_level = #{record.nowWaterLevel,jdbcType=DOUBLE},
      </if>
      <if test="record.nowStorage != null">
        now_storage = #{record.nowStorage,jdbcType=DOUBLE},
      </if>
      <if test="record.x != null">
        x = #{record.x,jdbcType=DOUBLE},
      </if>
      <if test="record.y != null">
        y = #{record.y,jdbcType=DOUBLE},
      </if>
    </set>
    <if test="_parameter != null">
      <include refid="Update_By_Example_Where_Clause" />
    </if>
  </update>
  <update id="updateByExample" parameterType="map">
    update reservoir
    set shuiku_id = #{record.shuikuId,jdbcType=INTEGER},
      name = #{record.name,jdbcType=VARCHAR},
      address = #{record.address,jdbcType=VARCHAR},
      all_capacity = #{record.allCapacity,jdbcType=DOUBLE},
      xingli_water_level = #{record.xingliWaterLevel,jdbcType=DOUBLE},
      water_storage = #{record.waterStorage,jdbcType=DOUBLE},
      xunxian_water_level = #{record.xunxianWaterLevel,jdbcType=DOUBLE},
      now_water_level = #{record.nowWaterLevel,jdbcType=DOUBLE},
      now_storage = #{record.nowStorage,jdbcType=DOUBLE},
      x = #{record.x,jdbcType=DOUBLE},
      y = #{record.y,jdbcType=DOUBLE}
    <if test="_parameter != null">
      <include refid="Update_By_Example_Where_Clause" />
    </if>
  </update>
  <update id="updateByPrimaryKeySelective" parameterType="com.i1314i.ourproject.po.javabean.Reservoir">
    update reservoir
    <set>
      <if test="name != null">
        name = #{name,jdbcType=VARCHAR},
      </if>
      <if test="address != null">
        address = #{address,jdbcType=VARCHAR},
      </if>
      <if test="allCapacity != null">
        all_capacity = #{allCapacity,jdbcType=DOUBLE},
      </if>
      <if test="xingliWaterLevel != null">
        xingli_water_level = #{xingliWaterLevel,jdbcType=DOUBLE},
      </if>
      <if test="waterStorage != null">
        water_storage = #{waterStorage,jdbcType=DOUBLE},
      </if>
      <if test="xunxianWaterLevel != null">
        xunxian_water_level = #{xunxianWaterLevel,jdbcType=DOUBLE},
      </if>
      <if test="nowWaterLevel != null">
        now_water_level = #{nowWaterLevel,jdbcType=DOUBLE},
      </if>
      <if test="nowStorage != null">
        now_storage = #{nowStorage,jdbcType=DOUBLE},
      </if>
      <if test="x != null">
        x = #{x,jdbcType=DOUBLE},
      </if>
      <if test="y != null">
        y = #{y,jdbcType=DOUBLE},
      </if>
    </set>
    where shuiku_id = #{shuikuId,jdbcType=INTEGER}
  </update>
  <update id="updateByPrimaryKey" parameterType="com.i1314i.ourproject.po.javabean.Reservoir">
    update reservoir
    set name = #{name,jdbcType=VARCHAR},
      address = #{address,jdbcType=VARCHAR},
      all_capacity = #{allCapacity,jdbcType=DOUBLE},
      xingli_water_level = #{xingliWaterLevel,jdbcType=DOUBLE},
      water_storage = #{waterStorage,jdbcType=DOUBLE},
      xunxian_water_level = #{xunxianWaterLevel,jdbcType=DOUBLE},
      now_water_level = #{nowWaterLevel,jdbcType=DOUBLE},
      now_storage = #{nowStorage,jdbcType=DOUBLE},
      x = #{x,jdbcType=DOUBLE},
      y = #{y,jdbcType=DOUBLE}
    where shuiku_id = #{shuikuId,jdbcType=INTEGER}
  </update>
</mapper>