<?xml version="1.0" encoding="UTF-8"?>
<!DOCTYPE mapper PUBLIC "-//mybatis.org//DTD Mapper 3.0//EN" "http://mybatis.org/dtd/mybatis-3-mapper.dtd">
<mapper namespace="com.i1314i.ourproject.mapper.SheQuMapper">
  <resultMap id="BaseResultMap" type="com.i1314i.ourproject.po.javabean.SheQu">
    <id column="she_qu_id" jdbcType="INTEGER" property="sheQuId" />
    <result column="she_qu_ming_cheng" jdbcType="VARCHAR" property="sheQuMingCheng" />
    <result column="jie_dao_id" jdbcType="INTEGER" property="jieDaoId" />
    <result column="beiyong1" jdbcType="VARCHAR" property="beiyong1" />
    <result column="beiyong2" jdbcType="VARCHAR" property="beiyong2" />
  </resultMap>
  <sql id="Example_Where_Clause">
    <where>
      <foreach collection="oredCriteria" item="criteria" separator="or">
        <if test="criteria.valid">
          <trim prefix="(" prefixOverrides="and" suffix=")">
            <foreach collection="criteria.criteria" item="criterion">
              <choose>
                <when test="criterion.noValue">
                  and ${criterion.condition}
                </when>
                <when test="criterion.singleValue">
                  and ${criterion.condition} #{criterion.value}
                </when>
                <when test="criterion.betweenValue">
                  and ${criterion.condition} #{criterion.value} and #{criterion.secondValue}
                </when>
                <when test="criterion.listValue">
                  and ${criterion.condition}
                  <foreach close=")" collection="criterion.value" item="listItem" open="(" separator=",">
                    #{listItem}
                  </foreach>
                </when>
              </choose>
            </foreach>
          </trim>
        </if>
      </foreach>
    </where>
  </sql>
  <sql id="Update_By_Example_Where_Clause">
    <where>
      <foreach collection="example.oredCriteria" item="criteria" separator="or">
        <if test="criteria.valid">
          <trim prefix="(" prefixOverrides="and" suffix=")">
            <foreach collection="criteria.criteria" item="criterion">
              <choose>
                <when test="criterion.noValue">
                  and ${criterion.condition}
                </when>
                <when test="criterion.singleValue">
                  and ${criterion.condition} #{criterion.value}
                </when>
                <when test="criterion.betweenValue">
                  and ${criterion.condition} #{criterion.value} and #{criterion.secondValue}
                </when>
                <when test="criterion.listValue">
                  and ${criterion.condition}
                  <foreach close=")" collection="criterion.value" item="listItem" open="(" separator=",">
                    #{listItem}
                  </foreach>
                </when>
              </choose>
            </foreach>
          </trim>
        </if>
      </foreach>
    </where>
  </sql>
  <sql id="Base_Column_List">
    she_qu_id, she_qu_ming_cheng, jie_dao_id, beiyong1, beiyong2
  </sql>
  <select id="selectByExample" parameterType="com.i1314i.ourproject.po.javabean.SheQuExample" resultMap="BaseResultMap">
    select
    <if test="distinct">
      distinct
    </if>
    <include refid="Base_Column_List" />
    from she_qu
    <if test="_parameter != null">
      <include refid="Example_Where_Clause" />
    </if>
    <if test="orderByClause != null">
      order by ${orderByClause}
    </if>
  </select>
  <select id="selectByPrimaryKey" parameterType="java.lang.Integer" resultMap="BaseResultMap">
    select 
    <include refid="Base_Column_List" />
    from she_qu
    where she_qu_id = #{sheQuId,jdbcType=INTEGER}
  </select>
  <delete id="deleteByPrimaryKey" parameterType="java.lang.Integer">
    delete from she_qu
    where she_qu_id = #{sheQuId,jdbcType=INTEGER}
  </delete>
  <delete id="deleteByExample" parameterType="com.i1314i.ourproject.po.javabean.SheQuExample">
    delete from she_qu
    <if test="_parameter != null">
      <include refid="Example_Where_Clause" />
    </if>
  </delete>
  <insert id="insert" parameterType="com.i1314i.ourproject.po.javabean.SheQu">
    insert into she_qu (she_qu_id, she_qu_ming_cheng, jie_dao_id, 
      beiyong1, beiyong2)
    values (#{sheQuId,jdbcType=INTEGER}, #{sheQuMingCheng,jdbcType=VARCHAR}, #{jieDaoId,jdbcType=INTEGER}, 
      #{beiyong1,jdbcType=VARCHAR}, #{beiyong2,jdbcType=VARCHAR})
  </insert>
  <insert id="insertSelective" parameterType="com.i1314i.ourproject.po.javabean.SheQu">
    insert into she_qu
    <trim prefix="(" suffix=")" suffixOverrides=",">
      <if test="sheQuId != null">
        she_qu_id,
      </if>
      <if test="sheQuMingCheng != null">
        she_qu_ming_cheng,
      </if>
      <if test="jieDaoId != null">
        jie_dao_id,
      </if>
      <if test="beiyong1 != null">
        beiyong1,
      </if>
      <if test="beiyong2 != null">
        beiyong2,
      </if>
    </trim>
    <trim prefix="values (" suffix=")" suffixOverrides=",">
      <if test="sheQuId != null">
        #{sheQuId,jdbcType=INTEGER},
      </if>
      <if test="sheQuMingCheng != null">
        #{sheQuMingCheng,jdbcType=VARCHAR},
      </if>
      <if test="jieDaoId != null">
        #{jieDaoId,jdbcType=INTEGER},
      </if>
      <if test="beiyong1 != null">
        #{beiyong1,jdbcType=VARCHAR},
      </if>
      <if test="beiyong2 != null">
        #{beiyong2,jdbcType=VARCHAR},
      </if>
    </trim>
  </insert>
  <select id="countByExample" parameterType="com.i1314i.ourproject.po.javabean.SheQuExample" resultType="java.lang.Long">
    select count(*) from she_qu
    <if test="_parameter != null">
      <include refid="Example_Where_Clause" />
    </if>
  </select>
  <update id="updateByExampleSelective" parameterType="map">
    update she_qu
    <set>
      <if test="record.sheQuId != null">
        she_qu_id = #{record.sheQuId,jdbcType=INTEGER},
      </if>
      <if test="record.sheQuMingCheng != null">
        she_qu_ming_cheng = #{record.sheQuMingCheng,jdbcType=VARCHAR},
      </if>
      <if test="record.jieDaoId != null">
        jie_dao_id = #{record.jieDaoId,jdbcType=INTEGER},
      </if>
      <if test="record.beiyong1 != null">
        beiyong1 = #{record.beiyong1,jdbcType=VARCHAR},
      </if>
      <if test="record.beiyong2 != null">
        beiyong2 = #{record.beiyong2,jdbcType=VARCHAR},
      </if>
    </set>
    <if test="_parameter != null">
      <include refid="Update_By_Example_Where_Clause" />
    </if>
  </update>
  <update id="updateByExample" parameterType="map">
    update she_qu
    set she_qu_id = #{record.sheQuId,jdbcType=INTEGER},
      she_qu_ming_cheng = #{record.sheQuMingCheng,jdbcType=VARCHAR},
      jie_dao_id = #{record.jieDaoId,jdbcType=INTEGER},
      beiyong1 = #{record.beiyong1,jdbcType=VARCHAR},
      beiyong2 = #{record.beiyong2,jdbcType=VARCHAR}
    <if test="_parameter != null">
      <include refid="Update_By_Example_Where_Clause" />
    </if>
  </update>
  <update id="updateByPrimaryKeySelective" parameterType="com.i1314i.ourproject.po.javabean.SheQu">
    update she_qu
    <set>
      <if test="sheQuMingCheng != null">
        she_qu_ming_cheng = #{sheQuMingCheng,jdbcType=VARCHAR},
      </if>
      <if test="jieDaoId != null">
        jie_dao_id = #{jieDaoId,jdbcType=INTEGER},
      </if>
      <if test="beiyong1 != null">
        beiyong1 = #{beiyong1,jdbcType=VARCHAR},
      </if>
      <if test="beiyong2 != null">
        beiyong2 = #{beiyong2,jdbcType=VARCHAR},
      </if>
    </set>
    where she_qu_id = #{sheQuId,jdbcType=INTEGER}
  </update>
  <update id="updateByPrimaryKey" parameterType="com.i1314i.ourproject.po.javabean.SheQu">
    update she_qu
    set she_qu_ming_cheng = #{sheQuMingCheng,jdbcType=VARCHAR},
      jie_dao_id = #{jieDaoId,jdbcType=INTEGER},
      beiyong1 = #{beiyong1,jdbcType=VARCHAR},
      beiyong2 = #{beiyong2,jdbcType=VARCHAR}
    where she_qu_id = #{sheQuId,jdbcType=INTEGER}
  </update>
</mapper>