<?xml version="1.0" encoding="UTF-8"?>
<!DOCTYPE mapper PUBLIC "-//mybatis.org//DTD Mapper 3.0//EN" "http://mybatis.org/dtd/mybatis-3-mapper.dtd">
<mapper namespace="com.i1314i.ourproject.mapper.ShuiLiSheShiMapper">
  <resultMap id="BaseResultMap" type="com.i1314i.ourproject.po.javabean.ShuiLiSheShi">
    <id column="shui_li_id" jdbcType="INTEGER" property="shuiLiId" />
    <result column="shui_li_ming_cheng" jdbcType="VARCHAR" property="shuiLiMingCheng" />
    <result column="shui_li_num" jdbcType="INTEGER" property="shuiLiNum" />
    <result column="beiyong1" jdbcType="INTEGER" property="beiyong1" />
    <result column="beiyong2" jdbcType="DOUBLE" property="beiyong2" />
    <result column="beiyong3" jdbcType="VARCHAR" property="beiyong3" />
    <result column="time" jdbcType="DATE" property="time" />
  </resultMap>
  <sql id="Example_Where_Clause">
    <where>
      <foreach collection="oredCriteria" item="criteria" separator="or">
        <if test="criteria.valid">
          <trim prefix="(" prefixOverrides="and" suffix=")">
            <foreach collection="criteria.criteria" item="criterion">
              <choose>
                <when test="criterion.noValue">
                  and ${criterion.condition}
                </when>
                <when test="criterion.singleValue">
                  and ${criterion.condition} #{criterion.value}
                </when>
                <when test="criterion.betweenValue">
                  and ${criterion.condition} #{criterion.value} and #{criterion.secondValue}
                </when>
                <when test="criterion.listValue">
                  and ${criterion.condition}
                  <foreach close=")" collection="criterion.value" item="listItem" open="(" separator=",">
                    #{listItem}
                  </foreach>
                </when>
              </choose>
            </foreach>
          </trim>
        </if>
      </foreach>
    </where>
  </sql>
  <sql id="Update_By_Example_Where_Clause">
    <where>
      <foreach collection="example.oredCriteria" item="criteria" separator="or">
        <if test="criteria.valid">
          <trim prefix="(" prefixOverrides="and" suffix=")">
            <foreach collection="criteria.criteria" item="criterion">
              <choose>
                <when test="criterion.noValue">
                  and ${criterion.condition}
                </when>
                <when test="criterion.singleValue">
                  and ${criterion.condition} #{criterion.value}
                </when>
                <when test="criterion.betweenValue">
                  and ${criterion.condition} #{criterion.value} and #{criterion.secondValue}
                </when>
                <when test="criterion.listValue">
                  and ${criterion.condition}
                  <foreach close=")" collection="criterion.value" item="listItem" open="(" separator=",">
                    #{listItem}
                  </foreach>
                </when>
              </choose>
            </foreach>
          </trim>
        </if>
      </foreach>
    </where>
  </sql>
  <sql id="Base_Column_List">
    shui_li_id, shui_li_ming_cheng, shui_li_num, beiyong1, beiyong2, beiyong3, time
  </sql>
  <select id="selectByExample" parameterType="com.i1314i.ourproject.po.javabean.ShuiLiSheShiExample" resultMap="BaseResultMap">
    select
    <if test="distinct">
      distinct
    </if>
    <include refid="Base_Column_List" />
    from shui_li_she_shi
    <if test="_parameter != null">
      <include refid="Example_Where_Clause" />
    </if>
    <if test="orderByClause != null">
      order by ${orderByClause}
    </if>
  </select>
  <select id="selectByPrimaryKey" parameterType="java.lang.Integer" resultMap="BaseResultMap">
    select 
    <include refid="Base_Column_List" />
    from shui_li_she_shi
    where shui_li_id = #{shuiLiId,jdbcType=INTEGER}
  </select>
  <delete id="deleteByPrimaryKey" parameterType="java.lang.Integer">
    delete from shui_li_she_shi
    where shui_li_id = #{shuiLiId,jdbcType=INTEGER}
  </delete>
  <delete id="deleteByExample" parameterType="com.i1314i.ourproject.po.javabean.ShuiLiSheShiExample">
    delete from shui_li_she_shi
    <if test="_parameter != null">
      <include refid="Example_Where_Clause" />
    </if>
  </delete>
  <insert id="insert" parameterType="com.i1314i.ourproject.po.javabean.ShuiLiSheShi">
    insert into shui_li_she_shi (shui_li_id, shui_li_ming_cheng, shui_li_num, 
      beiyong1, beiyong2, beiyong3, 
      time)
    values (#{shuiLiId,jdbcType=INTEGER}, #{shuiLiMingCheng,jdbcType=VARCHAR}, #{shuiLiNum,jdbcType=INTEGER}, 
      #{beiyong1,jdbcType=INTEGER}, #{beiyong2,jdbcType=DOUBLE}, #{beiyong3,jdbcType=VARCHAR}, 
      #{time,jdbcType=DATE})
  </insert>
  <insert id="insertSelective" parameterType="com.i1314i.ourproject.po.javabean.ShuiLiSheShi">
    insert into shui_li_she_shi
    <trim prefix="(" suffix=")" suffixOverrides=",">
      <if test="shuiLiId != null">
        shui_li_id,
      </if>
      <if test="shuiLiMingCheng != null">
        shui_li_ming_cheng,
      </if>
      <if test="shuiLiNum != null">
        shui_li_num,
      </if>
      <if test="beiyong1 != null">
        beiyong1,
      </if>
      <if test="beiyong2 != null">
        beiyong2,
      </if>
      <if test="beiyong3 != null">
        beiyong3,
      </if>
      <if test="time != null">
        time,
      </if>
    </trim>
    <trim prefix="values (" suffix=")" suffixOverrides=",">
      <if test="shuiLiId != null">
        #{shuiLiId,jdbcType=INTEGER},
      </if>
      <if test="shuiLiMingCheng != null">
        #{shuiLiMingCheng,jdbcType=VARCHAR},
      </if>
      <if test="shuiLiNum != null">
        #{shuiLiNum,jdbcType=INTEGER},
      </if>
      <if test="beiyong1 != null">
        #{beiyong1,jdbcType=INTEGER},
      </if>
      <if test="beiyong2 != null">
        #{beiyong2,jdbcType=DOUBLE},
      </if>
      <if test="beiyong3 != null">
        #{beiyong3,jdbcType=VARCHAR},
      </if>
      <if test="time != null">
        #{time,jdbcType=DATE},
      </if>
    </trim>
  </insert>
  <select id="countByExample" parameterType="com.i1314i.ourproject.po.javabean.ShuiLiSheShiExample" resultType="java.lang.Long">
    select count(*) from shui_li_she_shi
    <if test="_parameter != null">
      <include refid="Example_Where_Clause" />
    </if>
  </select>
  <update id="updateByExampleSelective" parameterType="map">
    update shui_li_she_shi
    <set>
      <if test="record.shuiLiId != null">
        shui_li_id = #{record.shuiLiId,jdbcType=INTEGER},
      </if>
      <if test="record.shuiLiMingCheng != null">
        shui_li_ming_cheng = #{record.shuiLiMingCheng,jdbcType=VARCHAR},
      </if>
      <if test="record.shuiLiNum != null">
        shui_li_num = #{record.shuiLiNum,jdbcType=INTEGER},
      </if>
      <if test="record.beiyong1 != null">
        beiyong1 = #{record.beiyong1,jdbcType=INTEGER},
      </if>
      <if test="record.beiyong2 != null">
        beiyong2 = #{record.beiyong2,jdbcType=DOUBLE},
      </if>
      <if test="record.beiyong3 != null">
        beiyong3 = #{record.beiyong3,jdbcType=VARCHAR},
      </if>
      <if test="record.time != null">
        time = #{record.time,jdbcType=DATE},
      </if>
    </set>
    <if test="_parameter != null">
      <include refid="Update_By_Example_Where_Clause" />
    </if>
  </update>
  <update id="updateByExample" parameterType="map">
    update shui_li_she_shi
    set shui_li_id = #{record.shuiLiId,jdbcType=INTEGER},
      shui_li_ming_cheng = #{record.shuiLiMingCheng,jdbcType=VARCHAR},
      shui_li_num = #{record.shuiLiNum,jdbcType=INTEGER},
      beiyong1 = #{record.beiyong1,jdbcType=INTEGER},
      beiyong2 = #{record.beiyong2,jdbcType=DOUBLE},
      beiyong3 = #{record.beiyong3,jdbcType=VARCHAR},
      time = #{record.time,jdbcType=DATE}
    <if test="_parameter != null">
      <include refid="Update_By_Example_Where_Clause" />
    </if>
  </update>
  <update id="updateByPrimaryKeySelective" parameterType="com.i1314i.ourproject.po.javabean.ShuiLiSheShi">
    update shui_li_she_shi
    <set>
      <if test="shuiLiMingCheng != null">
        shui_li_ming_cheng = #{shuiLiMingCheng,jdbcType=VARCHAR},
      </if>
      <if test="shuiLiNum != null">
        shui_li_num = #{shuiLiNum,jdbcType=INTEGER},
      </if>
      <if test="beiyong1 != null">
        beiyong1 = #{beiyong1,jdbcType=INTEGER},
      </if>
      <if test="beiyong2 != null">
        beiyong2 = #{beiyong2,jdbcType=DOUBLE},
      </if>
      <if test="beiyong3 != null">
        beiyong3 = #{beiyong3,jdbcType=VARCHAR},
      </if>
      <if test="time != null">
        time = #{time,jdbcType=DATE},
      </if>
    </set>
    where shui_li_id = #{shuiLiId,jdbcType=INTEGER}
  </update>
  <update id="updateByPrimaryKey" parameterType="com.i1314i.ourproject.po.javabean.ShuiLiSheShi">
    update shui_li_she_shi
    set shui_li_ming_cheng = #{shuiLiMingCheng,jdbcType=VARCHAR},
      shui_li_num = #{shuiLiNum,jdbcType=INTEGER},
      beiyong1 = #{beiyong1,jdbcType=INTEGER},
      beiyong2 = #{beiyong2,jdbcType=DOUBLE},
      beiyong3 = #{beiyong3,jdbcType=VARCHAR},
      time = #{time,jdbcType=DATE}
    where shui_li_id = #{shuiLiId,jdbcType=INTEGER}
  </update>
</mapper>