<?xml version="1.0" encoding="UTF-8"?>
<!DOCTYPE mapper PUBLIC "-//mybatis.org//DTD Mapper 3.0//EN" "http://mybatis.org/dtd/mybatis-3-mapper.dtd">
<mapper namespace="com.i1314i.ourproject.mapper.SubsidizedObjectMapper">
  <resultMap id="BaseResultMap" type="com.i1314i.ourproject.po.javabean.SubsidizedObject">
    <id column="butie_id" jdbcType="INTEGER" property="butieId" />
    <result column="butie_mingcheng" jdbcType="VARCHAR" property="butieMingcheng" />
    <result column="shenqing" jdbcType="VARCHAR" property="shenqing" />
    <result column="fafang_bumen" jdbcType="VARCHAR" property="fafangBumen" />
    <result column="fafang_xingshi" jdbcType="VARCHAR" property="fafangXingshi" />
    <result column="fafang_shijian" jdbcType="DATE" property="fafangShijian" />
  </resultMap>
  <sql id="Example_Where_Clause">
    <where>
      <foreach collection="oredCriteria" item="criteria" separator="or">
        <if test="criteria.valid">
          <trim prefix="(" prefixOverrides="and" suffix=")">
            <foreach collection="criteria.criteria" item="criterion">
              <choose>
                <when test="criterion.noValue">
                  and ${criterion.condition}
                </when>
                <when test="criterion.singleValue">
                  and ${criterion.condition} #{criterion.value}
                </when>
                <when test="criterion.betweenValue">
                  and ${criterion.condition} #{criterion.value} and #{criterion.secondValue}
                </when>
                <when test="criterion.listValue">
                  and ${criterion.condition}
                  <foreach close=")" collection="criterion.value" item="listItem" open="(" separator=",">
                    #{listItem}
                  </foreach>
                </when>
              </choose>
            </foreach>
          </trim>
        </if>
      </foreach>
    </where>
  </sql>
  <sql id="Update_By_Example_Where_Clause">
    <where>
      <foreach collection="example.oredCriteria" item="criteria" separator="or">
        <if test="criteria.valid">
          <trim prefix="(" prefixOverrides="and" suffix=")">
            <foreach collection="criteria.criteria" item="criterion">
              <choose>
                <when test="criterion.noValue">
                  and ${criterion.condition}
                </when>
                <when test="criterion.singleValue">
                  and ${criterion.condition} #{criterion.value}
                </when>
                <when test="criterion.betweenValue">
                  and ${criterion.condition} #{criterion.value} and #{criterion.secondValue}
                </when>
                <when test="criterion.listValue">
                  and ${criterion.condition}
                  <foreach close=")" collection="criterion.value" item="listItem" open="(" separator=",">
                    #{listItem}
                  </foreach>
                </when>
              </choose>
            </foreach>
          </trim>
        </if>
      </foreach>
    </where>
  </sql>
  <sql id="Base_Column_List">
    butie_id, butie_mingcheng, shenqing, fafang_bumen, fafang_xingshi, fafang_shijian
  </sql>
  <select id="selectByExample" parameterType="com.i1314i.ourproject.po.javabean.SubsidizedObjectExample" resultMap="BaseResultMap">
    select
    <if test="distinct">
      distinct
    </if>
    <include refid="Base_Column_List" />
    from subsidized_object
    <if test="_parameter != null">
      <include refid="Example_Where_Clause" />
    </if>
    <if test="orderByClause != null">
      order by ${orderByClause}
    </if>
  </select>
  <select id="selectByPrimaryKey" parameterType="java.lang.Integer" resultMap="BaseResultMap">
    select 
    <include refid="Base_Column_List" />
    from subsidized_object
    where butie_id = #{butieId,jdbcType=INTEGER}
  </select>
  <delete id="deleteByPrimaryKey" parameterType="java.lang.Integer">
    delete from subsidized_object
    where butie_id = #{butieId,jdbcType=INTEGER}
  </delete>
  <delete id="deleteByExample" parameterType="com.i1314i.ourproject.po.javabean.SubsidizedObjectExample">
    delete from subsidized_object
    <if test="_parameter != null">
      <include refid="Example_Where_Clause" />
    </if>
  </delete>
  <insert id="insert" parameterType="com.i1314i.ourproject.po.javabean.SubsidizedObject">
    insert into subsidized_object (butie_id, butie_mingcheng, shenqing, 
      fafang_bumen, fafang_xingshi, fafang_shijian
      )
    values (#{butieId,jdbcType=INTEGER}, #{butieMingcheng,jdbcType=VARCHAR}, #{shenqing,jdbcType=VARCHAR}, 
      #{fafangBumen,jdbcType=VARCHAR}, #{fafangXingshi,jdbcType=VARCHAR}, #{fafangShijian,jdbcType=DATE}
      )
  </insert>
  <insert id="insertSelective" parameterType="com.i1314i.ourproject.po.javabean.SubsidizedObject">
    insert into subsidized_object
    <trim prefix="(" suffix=")" suffixOverrides=",">
      <if test="butieId != null">
        butie_id,
      </if>
      <if test="butieMingcheng != null">
        butie_mingcheng,
      </if>
      <if test="shenqing != null">
        shenqing,
      </if>
      <if test="fafangBumen != null">
        fafang_bumen,
      </if>
      <if test="fafangXingshi != null">
        fafang_xingshi,
      </if>
      <if test="fafangShijian != null">
        fafang_shijian,
      </if>
    </trim>
    <trim prefix="values (" suffix=")" suffixOverrides=",">
      <if test="butieId != null">
        #{butieId,jdbcType=INTEGER},
      </if>
      <if test="butieMingcheng != null">
        #{butieMingcheng,jdbcType=VARCHAR},
      </if>
      <if test="shenqing != null">
        #{shenqing,jdbcType=VARCHAR},
      </if>
      <if test="fafangBumen != null">
        #{fafangBumen,jdbcType=VARCHAR},
      </if>
      <if test="fafangXingshi != null">
        #{fafangXingshi,jdbcType=VARCHAR},
      </if>
      <if test="fafangShijian != null">
        #{fafangShijian,jdbcType=DATE},
      </if>
    </trim>
  </insert>
  <select id="countByExample" parameterType="com.i1314i.ourproject.po.javabean.SubsidizedObjectExample" resultType="java.lang.Long">
    select count(*) from subsidized_object
    <if test="_parameter != null">
      <include refid="Example_Where_Clause" />
    </if>
  </select>
  <update id="updateByExampleSelective" parameterType="map">
    update subsidized_object
    <set>
      <if test="record.butieId != null">
        butie_id = #{record.butieId,jdbcType=INTEGER},
      </if>
      <if test="record.butieMingcheng != null">
        butie_mingcheng = #{record.butieMingcheng,jdbcType=VARCHAR},
      </if>
      <if test="record.shenqing != null">
        shenqing = #{record.shenqing,jdbcType=VARCHAR},
      </if>
      <if test="record.fafangBumen != null">
        fafang_bumen = #{record.fafangBumen,jdbcType=VARCHAR},
      </if>
      <if test="record.fafangXingshi != null">
        fafang_xingshi = #{record.fafangXingshi,jdbcType=VARCHAR},
      </if>
      <if test="record.fafangShijian != null">
        fafang_shijian = #{record.fafangShijian,jdbcType=DATE},
      </if>
    </set>
    <if test="_parameter != null">
      <include refid="Update_By_Example_Where_Clause" />
    </if>
  </update>
  <update id="updateByExample" parameterType="map">
    update subsidized_object
    set butie_id = #{record.butieId,jdbcType=INTEGER},
      butie_mingcheng = #{record.butieMingcheng,jdbcType=VARCHAR},
      shenqing = #{record.shenqing,jdbcType=VARCHAR},
      fafang_bumen = #{record.fafangBumen,jdbcType=VARCHAR},
      fafang_xingshi = #{record.fafangXingshi,jdbcType=VARCHAR},
      fafang_shijian = #{record.fafangShijian,jdbcType=DATE}
    <if test="_parameter != null">
      <include refid="Update_By_Example_Where_Clause" />
    </if>
  </update>
  <update id="updateByPrimaryKeySelective" parameterType="com.i1314i.ourproject.po.javabean.SubsidizedObject">
    update subsidized_object
    <set>
      <if test="butieMingcheng != null">
        butie_mingcheng = #{butieMingcheng,jdbcType=VARCHAR},
      </if>
      <if test="shenqing != null">
        shenqing = #{shenqing,jdbcType=VARCHAR},
      </if>
      <if test="fafangBumen != null">
        fafang_bumen = #{fafangBumen,jdbcType=VARCHAR},
      </if>
      <if test="fafangXingshi != null">
        fafang_xingshi = #{fafangXingshi,jdbcType=VARCHAR},
      </if>
      <if test="fafangShijian != null">
        fafang_shijian = #{fafangShijian,jdbcType=DATE},
      </if>
    </set>
    where butie_id = #{butieId,jdbcType=INTEGER}
  </update>
  <update id="updateByPrimaryKey" parameterType="com.i1314i.ourproject.po.javabean.SubsidizedObject">
    update subsidized_object
    set butie_mingcheng = #{butieMingcheng,jdbcType=VARCHAR},
      shenqing = #{shenqing,jdbcType=VARCHAR},
      fafang_bumen = #{fafangBumen,jdbcType=VARCHAR},
      fafang_xingshi = #{fafangXingshi,jdbcType=VARCHAR},
      fafang_shijian = #{fafangShijian,jdbcType=DATE}
    where butie_id = #{butieId,jdbcType=INTEGER}
  </update>
</mapper>