<?xml version="1.0" encoding="UTF-8"?>
<!DOCTYPE mapper PUBLIC "-//mybatis.org//DTD Mapper 3.0//EN" "http://mybatis.org/dtd/mybatis-3-mapper.dtd">
<mapper namespace="com.i1314i.ourproject.mapper.WaterInfrastructureMapper">
  <resultMap id="BaseResultMap" type="com.i1314i.ourproject.po.javabean.WaterInfrastructure">
    <id column="shuili_jd" jdbcType="VARCHAR" property="shuiliJd" />
    <result column="name" jdbcType="VARCHAR" property="name" />
    <result column="location" jdbcType="VARCHAR" property="location" />
    <result column="beizhu" jdbcType="VARCHAR" property="beizhu" />
    <result column="x" jdbcType="DOUBLE" property="x" />
    <result column="y" jdbcType="DOUBLE" property="y" />
  </resultMap>
  <sql id="Example_Where_Clause">
    <where>
      <foreach collection="oredCriteria" item="criteria" separator="or">
        <if test="criteria.valid">
          <trim prefix="(" prefixOverrides="and" suffix=")">
            <foreach collection="criteria.criteria" item="criterion">
              <choose>
                <when test="criterion.noValue">
                  and ${criterion.condition}
                </when>
                <when test="criterion.singleValue">
                  and ${criterion.condition} #{criterion.value}
                </when>
                <when test="criterion.betweenValue">
                  and ${criterion.condition} #{criterion.value} and #{criterion.secondValue}
                </when>
                <when test="criterion.listValue">
                  and ${criterion.condition}
                  <foreach close=")" collection="criterion.value" item="listItem" open="(" separator=",">
                    #{listItem}
                  </foreach>
                </when>
              </choose>
            </foreach>
          </trim>
        </if>
      </foreach>
    </where>
  </sql>
  <sql id="Update_By_Example_Where_Clause">
    <where>
      <foreach collection="example.oredCriteria" item="criteria" separator="or">
        <if test="criteria.valid">
          <trim prefix="(" prefixOverrides="and" suffix=")">
            <foreach collection="criteria.criteria" item="criterion">
              <choose>
                <when test="criterion.noValue">
                  and ${criterion.condition}
                </when>
                <when test="criterion.singleValue">
                  and ${criterion.condition} #{criterion.value}
                </when>
                <when test="criterion.betweenValue">
                  and ${criterion.condition} #{criterion.value} and #{criterion.secondValue}
                </when>
                <when test="criterion.listValue">
                  and ${criterion.condition}
                  <foreach close=")" collection="criterion.value" item="listItem" open="(" separator=",">
                    #{listItem}
                  </foreach>
                </when>
              </choose>
            </foreach>
          </trim>
        </if>
      </foreach>
    </where>
  </sql>
  <sql id="Base_Column_List">
    shuili_jd, name, location, beizhu, x, y
  </sql>
  <select id="selectByExample" parameterType="com.i1314i.ourproject.po.javabean.WaterInfrastructureExample" resultMap="BaseResultMap">
    select
    <if test="distinct">
      distinct
    </if>
    <include refid="Base_Column_List" />
    from water_infrastructure
    <if test="_parameter != null">
      <include refid="Example_Where_Clause" />
    </if>
    <if test="orderByClause != null">
      order by ${orderByClause}
    </if>
  </select>
  <select id="selectByPrimaryKey" parameterType="java.lang.String" resultMap="BaseResultMap">
    select 
    <include refid="Base_Column_List" />
    from water_infrastructure
    where shuili_jd = #{shuiliJd,jdbcType=VARCHAR}
  </select>
  <delete id="deleteByPrimaryKey" parameterType="java.lang.String">
    delete from water_infrastructure
    where shuili_jd = #{shuiliJd,jdbcType=VARCHAR}
  </delete>
  <delete id="deleteByExample" parameterType="com.i1314i.ourproject.po.javabean.WaterInfrastructureExample">
    delete from water_infrastructure
    <if test="_parameter != null">
      <include refid="Example_Where_Clause" />
    </if>
  </delete>
  <insert id="insert" parameterType="com.i1314i.ourproject.po.javabean.WaterInfrastructure">
    insert into water_infrastructure (shuili_jd, name, location, 
      beizhu, x, y)
    values (#{shuiliJd,jdbcType=VARCHAR}, #{name,jdbcType=VARCHAR}, #{location,jdbcType=VARCHAR}, 
      #{beizhu,jdbcType=VARCHAR}, #{x,jdbcType=DOUBLE}, #{y,jdbcType=DOUBLE})
  </insert>
  <insert id="insertSelective" parameterType="com.i1314i.ourproject.po.javabean.WaterInfrastructure">
    insert into water_infrastructure
    <trim prefix="(" suffix=")" suffixOverrides=",">
      <if test="shuiliJd != null">
        shuili_jd,
      </if>
      <if test="name != null">
        name,
      </if>
      <if test="location != null">
        location,
      </if>
      <if test="beizhu != null">
        beizhu,
      </if>
      <if test="x != null">
        x,
      </if>
      <if test="y != null">
        y,
      </if>
    </trim>
    <trim prefix="values (" suffix=")" suffixOverrides=",">
      <if test="shuiliJd != null">
        #{shuiliJd,jdbcType=VARCHAR},
      </if>
      <if test="name != null">
        #{name,jdbcType=VARCHAR},
      </if>
      <if test="location != null">
        #{location,jdbcType=VARCHAR},
      </if>
      <if test="beizhu != null">
        #{beizhu,jdbcType=VARCHAR},
      </if>
      <if test="x != null">
        #{x,jdbcType=DOUBLE},
      </if>
      <if test="y != null">
        #{y,jdbcType=DOUBLE},
      </if>
    </trim>
  </insert>
  <select id="countByExample" parameterType="com.i1314i.ourproject.po.javabean.WaterInfrastructureExample" resultType="java.lang.Long">
    select count(*) from water_infrastructure
    <if test="_parameter != null">
      <include refid="Example_Where_Clause" />
    </if>
  </select>
  <update id="updateByExampleSelective" parameterType="map">
    update water_infrastructure
    <set>
      <if test="record.shuiliJd != null">
        shuili_jd = #{record.shuiliJd,jdbcType=VARCHAR},
      </if>
      <if test="record.name != null">
        name = #{record.name,jdbcType=VARCHAR},
      </if>
      <if test="record.location != null">
        location = #{record.location,jdbcType=VARCHAR},
      </if>
      <if test="record.beizhu != null">
        beizhu = #{record.beizhu,jdbcType=VARCHAR},
      </if>
      <if test="record.x != null">
        x = #{record.x,jdbcType=DOUBLE},
      </if>
      <if test="record.y != null">
        y = #{record.y,jdbcType=DOUBLE},
      </if>
    </set>
    <if test="_parameter != null">
      <include refid="Update_By_Example_Where_Clause" />
    </if>
  </update>
  <update id="updateByExample" parameterType="map">
    update water_infrastructure
    set shuili_jd = #{record.shuiliJd,jdbcType=VARCHAR},
      name = #{record.name,jdbcType=VARCHAR},
      location = #{record.location,jdbcType=VARCHAR},
      beizhu = #{record.beizhu,jdbcType=VARCHAR},
      x = #{record.x,jdbcType=DOUBLE},
      y = #{record.y,jdbcType=DOUBLE}
    <if test="_parameter != null">
      <include refid="Update_By_Example_Where_Clause" />
    </if>
  </update>
  <update id="updateByPrimaryKeySelective" parameterType="com.i1314i.ourproject.po.javabean.WaterInfrastructure">
    update water_infrastructure
    <set>
      <if test="name != null">
        name = #{name,jdbcType=VARCHAR},
      </if>
      <if test="location != null">
        location = #{location,jdbcType=VARCHAR},
      </if>
      <if test="beizhu != null">
        beizhu = #{beizhu,jdbcType=VARCHAR},
      </if>
      <if test="x != null">
        x = #{x,jdbcType=DOUBLE},
      </if>
      <if test="y != null">
        y = #{y,jdbcType=DOUBLE},
      </if>
    </set>
    where shuili_jd = #{shuiliJd,jdbcType=VARCHAR}
  </update>
  <update id="updateByPrimaryKey" parameterType="com.i1314i.ourproject.po.javabean.WaterInfrastructure">
    update water_infrastructure
    set name = #{name,jdbcType=VARCHAR},
      location = #{location,jdbcType=VARCHAR},
      beizhu = #{beizhu,jdbcType=VARCHAR},
      x = #{x,jdbcType=DOUBLE},
      y = #{y,jdbcType=DOUBLE}
    where shuili_jd = #{shuiliJd,jdbcType=VARCHAR}
  </update>
</mapper>