<?xml version="1.0" encoding="UTF-8"?>
<!DOCTYPE mapper PUBLIC "-//mybatis.org//DTD Mapper 3.0//EN" "http://mybatis.org/dtd/mybatis-3-mapper.dtd">
<mapper namespace="com.i1314i.ourproject.mapper.XianDaiHuaJiXieMapper">
  <resultMap id="BaseResultMap" type="com.i1314i.ourproject.po.javabean.XianDaiHuaJiXie">
    <id column="mian_ji_id" jdbcType="INTEGER" property="mianJiId" />
    <result column="mian_ji_ming_cheng" jdbcType="VARCHAR" property="mianJiMingCheng" />
    <result column="mian_ji_num" jdbcType="DOUBLE" property="mianJiNum" />
    <result column="beiyong1" jdbcType="DOUBLE" property="beiyong1" />
    <result column="beiyong2" jdbcType="DOUBLE" property="beiyong2" />
    <result column="beiyong3" jdbcType="VARCHAR" property="beiyong3" />
    <result column="time" jdbcType="DATE" property="time" />
  </resultMap>
  <sql id="Example_Where_Clause">
    <where>
      <foreach collection="oredCriteria" item="criteria" separator="or">
        <if test="criteria.valid">
          <trim prefix="(" prefixOverrides="and" suffix=")">
            <foreach collection="criteria.criteria" item="criterion">
              <choose>
                <when test="criterion.noValue">
                  and ${criterion.condition}
                </when>
                <when test="criterion.singleValue">
                  and ${criterion.condition} #{criterion.value}
                </when>
                <when test="criterion.betweenValue">
                  and ${criterion.condition} #{criterion.value} and #{criterion.secondValue}
                </when>
                <when test="criterion.listValue">
                  and ${criterion.condition}
                  <foreach close=")" collection="criterion.value" item="listItem" open="(" separator=",">
                    #{listItem}
                  </foreach>
                </when>
              </choose>
            </foreach>
          </trim>
        </if>
      </foreach>
    </where>
  </sql>
  <sql id="Update_By_Example_Where_Clause">
    <where>
      <foreach collection="example.oredCriteria" item="criteria" separator="or">
        <if test="criteria.valid">
          <trim prefix="(" prefixOverrides="and" suffix=")">
            <foreach collection="criteria.criteria" item="criterion">
              <choose>
                <when test="criterion.noValue">
                  and ${criterion.condition}
                </when>
                <when test="criterion.singleValue">
                  and ${criterion.condition} #{criterion.value}
                </when>
                <when test="criterion.betweenValue">
                  and ${criterion.condition} #{criterion.value} and #{criterion.secondValue}
                </when>
                <when test="criterion.listValue">
                  and ${criterion.condition}
                  <foreach close=")" collection="criterion.value" item="listItem" open="(" separator=",">
                    #{listItem}
                  </foreach>
                </when>
              </choose>
            </foreach>
          </trim>
        </if>
      </foreach>
    </where>
  </sql>
  <sql id="Base_Column_List">
    mian_ji_id, mian_ji_ming_cheng, mian_ji_num, beiyong1, beiyong2, beiyong3, time
  </sql>
  <select id="selectByExample" parameterType="com.i1314i.ourproject.po.javabean.XianDaiHuaJiXieExample" resultMap="BaseResultMap">
    select
    <if test="distinct">
      distinct
    </if>
    <include refid="Base_Column_List" />
    from xian_dai_hua_ji_xie
    <if test="_parameter != null">
      <include refid="Example_Where_Clause" />
    </if>
    <if test="orderByClause != null">
      order by ${orderByClause}
    </if>
  </select>
  <select id="selectByPrimaryKey" parameterType="java.lang.Integer" resultMap="BaseResultMap">
    select 
    <include refid="Base_Column_List" />
    from xian_dai_hua_ji_xie
    where mian_ji_id = #{mianJiId,jdbcType=INTEGER}
  </select>
  <delete id="deleteByPrimaryKey" parameterType="java.lang.Integer">
    delete from xian_dai_hua_ji_xie
    where mian_ji_id = #{mianJiId,jdbcType=INTEGER}
  </delete>
  <delete id="deleteByExample" parameterType="com.i1314i.ourproject.po.javabean.XianDaiHuaJiXieExample">
    delete from xian_dai_hua_ji_xie
    <if test="_parameter != null">
      <include refid="Example_Where_Clause" />
    </if>
  </delete>
  <insert id="insert" parameterType="com.i1314i.ourproject.po.javabean.XianDaiHuaJiXie">
    insert into xian_dai_hua_ji_xie (mian_ji_id, mian_ji_ming_cheng, mian_ji_num, 
      beiyong1, beiyong2, beiyong3, 
      time)
    values (#{mianJiId,jdbcType=INTEGER}, #{mianJiMingCheng,jdbcType=VARCHAR}, #{mianJiNum,jdbcType=DOUBLE}, 
      #{beiyong1,jdbcType=DOUBLE}, #{beiyong2,jdbcType=DOUBLE}, #{beiyong3,jdbcType=VARCHAR}, 
      #{time,jdbcType=DATE})
  </insert>
  <insert id="insertSelective" parameterType="com.i1314i.ourproject.po.javabean.XianDaiHuaJiXie">
    insert into xian_dai_hua_ji_xie
    <trim prefix="(" suffix=")" suffixOverrides=",">
      <if test="mianJiId != null">
        mian_ji_id,
      </if>
      <if test="mianJiMingCheng != null">
        mian_ji_ming_cheng,
      </if>
      <if test="mianJiNum != null">
        mian_ji_num,
      </if>
      <if test="beiyong1 != null">
        beiyong1,
      </if>
      <if test="beiyong2 != null">
        beiyong2,
      </if>
      <if test="beiyong3 != null">
        beiyong3,
      </if>
      <if test="time != null">
        time,
      </if>
    </trim>
    <trim prefix="values (" suffix=")" suffixOverrides=",">
      <if test="mianJiId != null">
        #{mianJiId,jdbcType=INTEGER},
      </if>
      <if test="mianJiMingCheng != null">
        #{mianJiMingCheng,jdbcType=VARCHAR},
      </if>
      <if test="mianJiNum != null">
        #{mianJiNum,jdbcType=DOUBLE},
      </if>
      <if test="beiyong1 != null">
        #{beiyong1,jdbcType=DOUBLE},
      </if>
      <if test="beiyong2 != null">
        #{beiyong2,jdbcType=DOUBLE},
      </if>
      <if test="beiyong3 != null">
        #{beiyong3,jdbcType=VARCHAR},
      </if>
      <if test="time != null">
        #{time,jdbcType=DATE},
      </if>
    </trim>
  </insert>
  <select id="countByExample" parameterType="com.i1314i.ourproject.po.javabean.XianDaiHuaJiXieExample" resultType="java.lang.Long">
    select count(*) from xian_dai_hua_ji_xie
    <if test="_parameter != null">
      <include refid="Example_Where_Clause" />
    </if>
  </select>
  <update id="updateByExampleSelective" parameterType="map">
    update xian_dai_hua_ji_xie
    <set>
      <if test="record.mianJiId != null">
        mian_ji_id = #{record.mianJiId,jdbcType=INTEGER},
      </if>
      <if test="record.mianJiMingCheng != null">
        mian_ji_ming_cheng = #{record.mianJiMingCheng,jdbcType=VARCHAR},
      </if>
      <if test="record.mianJiNum != null">
        mian_ji_num = #{record.mianJiNum,jdbcType=DOUBLE},
      </if>
      <if test="record.beiyong1 != null">
        beiyong1 = #{record.beiyong1,jdbcType=DOUBLE},
      </if>
      <if test="record.beiyong2 != null">
        beiyong2 = #{record.beiyong2,jdbcType=DOUBLE},
      </if>
      <if test="record.beiyong3 != null">
        beiyong3 = #{record.beiyong3,jdbcType=VARCHAR},
      </if>
      <if test="record.time != null">
        time = #{record.time,jdbcType=DATE},
      </if>
    </set>
    <if test="_parameter != null">
      <include refid="Update_By_Example_Where_Clause" />
    </if>
  </update>
  <update id="updateByExample" parameterType="map">
    update xian_dai_hua_ji_xie
    set mian_ji_id = #{record.mianJiId,jdbcType=INTEGER},
      mian_ji_ming_cheng = #{record.mianJiMingCheng,jdbcType=VARCHAR},
      mian_ji_num = #{record.mianJiNum,jdbcType=DOUBLE},
      beiyong1 = #{record.beiyong1,jdbcType=DOUBLE},
      beiyong2 = #{record.beiyong2,jdbcType=DOUBLE},
      beiyong3 = #{record.beiyong3,jdbcType=VARCHAR},
      time = #{record.time,jdbcType=DATE}
    <if test="_parameter != null">
      <include refid="Update_By_Example_Where_Clause" />
    </if>
  </update>
  <update id="updateByPrimaryKeySelective" parameterType="com.i1314i.ourproject.po.javabean.XianDaiHuaJiXie">
    update xian_dai_hua_ji_xie
    <set>
      <if test="mianJiMingCheng != null">
        mian_ji_ming_cheng = #{mianJiMingCheng,jdbcType=VARCHAR},
      </if>
      <if test="mianJiNum != null">
        mian_ji_num = #{mianJiNum,jdbcType=DOUBLE},
      </if>
      <if test="beiyong1 != null">
        beiyong1 = #{beiyong1,jdbcType=DOUBLE},
      </if>
      <if test="beiyong2 != null">
        beiyong2 = #{beiyong2,jdbcType=DOUBLE},
      </if>
      <if test="beiyong3 != null">
        beiyong3 = #{beiyong3,jdbcType=VARCHAR},
      </if>
      <if test="time != null">
        time = #{time,jdbcType=DATE},
      </if>
    </set>
    where mian_ji_id = #{mianJiId,jdbcType=INTEGER}
  </update>
  <update id="updateByPrimaryKey" parameterType="com.i1314i.ourproject.po.javabean.XianDaiHuaJiXie">
    update xian_dai_hua_ji_xie
    set mian_ji_ming_cheng = #{mianJiMingCheng,jdbcType=VARCHAR},
      mian_ji_num = #{mianJiNum,jdbcType=DOUBLE},
      beiyong1 = #{beiyong1,jdbcType=DOUBLE},
      beiyong2 = #{beiyong2,jdbcType=DOUBLE},
      beiyong3 = #{beiyong3,jdbcType=VARCHAR},
      time = #{time,jdbcType=DATE}
    where mian_ji_id = #{mianJiId,jdbcType=INTEGER}
  </update>
</mapper>