<?xml version="1.0" encoding="UTF-8"?>
<!DOCTYPE mapper PUBLIC "-//mybatis.org//DTD Mapper 3.0//EN" "http://mybatis.org/dtd/mybatis-3-mapper.dtd">
<mapper namespace="com.i1314i.ourproject.mapper.YangZhiXinXiMapper">
  <resultMap id="BaseResultMap" type="com.i1314i.ourproject.po.javabean.YangZhiXinXi">
    <id column="sheng_chu_id" jdbcType="INTEGER" property="shengChuId" />
    <result column="sheng_chu_ming_cheng" jdbcType="VARCHAR" property="shengChuMingCheng" />
    <result column="chu_lan_liang" jdbcType="INTEGER" property="chuLanLiang" />
    <result column="beiyong1" jdbcType="DOUBLE" property="beiyong1" />
    <result column="beiyong2" jdbcType="INTEGER" property="beiyong2" />
    <result column="beiyong3" jdbcType="VARCHAR" property="beiyong3" />
    <result column="shijian" jdbcType="DATE" property="shijian" />
  </resultMap>
  <sql id="Example_Where_Clause">
    <where>
      <foreach collection="oredCriteria" item="criteria" separator="or">
        <if test="criteria.valid">
          <trim prefix="(" prefixOverrides="and" suffix=")">
            <foreach collection="criteria.criteria" item="criterion">
              <choose>
                <when test="criterion.noValue">
                  and ${criterion.condition}
                </when>
                <when test="criterion.singleValue">
                  and ${criterion.condition} #{criterion.value}
                </when>
                <when test="criterion.betweenValue">
                  and ${criterion.condition} #{criterion.value} and #{criterion.secondValue}
                </when>
                <when test="criterion.listValue">
                  and ${criterion.condition}
                  <foreach close=")" collection="criterion.value" item="listItem" open="(" separator=",">
                    #{listItem}
                  </foreach>
                </when>
              </choose>
            </foreach>
          </trim>
        </if>
      </foreach>
    </where>
  </sql>
  <sql id="Update_By_Example_Where_Clause">
    <where>
      <foreach collection="example.oredCriteria" item="criteria" separator="or">
        <if test="criteria.valid">
          <trim prefix="(" prefixOverrides="and" suffix=")">
            <foreach collection="criteria.criteria" item="criterion">
              <choose>
                <when test="criterion.noValue">
                  and ${criterion.condition}
                </when>
                <when test="criterion.singleValue">
                  and ${criterion.condition} #{criterion.value}
                </when>
                <when test="criterion.betweenValue">
                  and ${criterion.condition} #{criterion.value} and #{criterion.secondValue}
                </when>
                <when test="criterion.listValue">
                  and ${criterion.condition}
                  <foreach close=")" collection="criterion.value" item="listItem" open="(" separator=",">
                    #{listItem}
                  </foreach>
                </when>
              </choose>
            </foreach>
          </trim>
        </if>
      </foreach>
    </where>
  </sql>
  <sql id="Base_Column_List">
    sheng_chu_id, sheng_chu_ming_cheng, chu_lan_liang, beiyong1, beiyong2, beiyong3, 
    shijian
  </sql>
  <select id="selectByExample" parameterType="com.i1314i.ourproject.po.javabean.YangZhiXinXiExample" resultMap="BaseResultMap">
    select
    <if test="distinct">
      distinct
    </if>
    <include refid="Base_Column_List" />
    from yang_zhi_xin_xi
    <if test="_parameter != null">
      <include refid="Example_Where_Clause" />
    </if>
    <if test="orderByClause != null">
      order by ${orderByClause}
    </if>
  </select>
  <select id="selectByPrimaryKey" parameterType="java.lang.Integer" resultMap="BaseResultMap">
    select 
    <include refid="Base_Column_List" />
    from yang_zhi_xin_xi
    where sheng_chu_id = #{shengChuId,jdbcType=INTEGER}
  </select>
  <delete id="deleteByPrimaryKey" parameterType="java.lang.Integer">
    delete from yang_zhi_xin_xi
    where sheng_chu_id = #{shengChuId,jdbcType=INTEGER}
  </delete>
  <delete id="deleteByExample" parameterType="com.i1314i.ourproject.po.javabean.YangZhiXinXiExample">
    delete from yang_zhi_xin_xi
    <if test="_parameter != null">
      <include refid="Example_Where_Clause" />
    </if>
  </delete>
  <insert id="insert" parameterType="com.i1314i.ourproject.po.javabean.YangZhiXinXi">
    insert into yang_zhi_xin_xi (sheng_chu_id, sheng_chu_ming_cheng, chu_lan_liang, 
      beiyong1, beiyong2, beiyong3, 
      shijian)
    values (#{shengChuId,jdbcType=INTEGER}, #{shengChuMingCheng,jdbcType=VARCHAR}, #{chuLanLiang,jdbcType=INTEGER}, 
      #{beiyong1,jdbcType=DOUBLE}, #{beiyong2,jdbcType=INTEGER}, #{beiyong3,jdbcType=VARCHAR}, 
      #{shijian,jdbcType=DATE})
  </insert>
  <insert id="insertSelective" parameterType="com.i1314i.ourproject.po.javabean.YangZhiXinXi">
    insert into yang_zhi_xin_xi
    <trim prefix="(" suffix=")" suffixOverrides=",">
      <if test="shengChuId != null">
        sheng_chu_id,
      </if>
      <if test="shengChuMingCheng != null">
        sheng_chu_ming_cheng,
      </if>
      <if test="chuLanLiang != null">
        chu_lan_liang,
      </if>
      <if test="beiyong1 != null">
        beiyong1,
      </if>
      <if test="beiyong2 != null">
        beiyong2,
      </if>
      <if test="beiyong3 != null">
        beiyong3,
      </if>
      <if test="shijian != null">
        shijian,
      </if>
    </trim>
    <trim prefix="values (" suffix=")" suffixOverrides=",">
      <if test="shengChuId != null">
        #{shengChuId,jdbcType=INTEGER},
      </if>
      <if test="shengChuMingCheng != null">
        #{shengChuMingCheng,jdbcType=VARCHAR},
      </if>
      <if test="chuLanLiang != null">
        #{chuLanLiang,jdbcType=INTEGER},
      </if>
      <if test="beiyong1 != null">
        #{beiyong1,jdbcType=DOUBLE},
      </if>
      <if test="beiyong2 != null">
        #{beiyong2,jdbcType=INTEGER},
      </if>
      <if test="beiyong3 != null">
        #{beiyong3,jdbcType=VARCHAR},
      </if>
      <if test="shijian != null">
        #{shijian,jdbcType=DATE},
      </if>
    </trim>
  </insert>
  <select id="countByExample" parameterType="com.i1314i.ourproject.po.javabean.YangZhiXinXiExample" resultType="java.lang.Long">
    select count(*) from yang_zhi_xin_xi
    <if test="_parameter != null">
      <include refid="Example_Where_Clause" />
    </if>
  </select>
  <update id="updateByExampleSelective" parameterType="map">
    update yang_zhi_xin_xi
    <set>
      <if test="record.shengChuId != null">
        sheng_chu_id = #{record.shengChuId,jdbcType=INTEGER},
      </if>
      <if test="record.shengChuMingCheng != null">
        sheng_chu_ming_cheng = #{record.shengChuMingCheng,jdbcType=VARCHAR},
      </if>
      <if test="record.chuLanLiang != null">
        chu_lan_liang = #{record.chuLanLiang,jdbcType=INTEGER},
      </if>
      <if test="record.beiyong1 != null">
        beiyong1 = #{record.beiyong1,jdbcType=DOUBLE},
      </if>
      <if test="record.beiyong2 != null">
        beiyong2 = #{record.beiyong2,jdbcType=INTEGER},
      </if>
      <if test="record.beiyong3 != null">
        beiyong3 = #{record.beiyong3,jdbcType=VARCHAR},
      </if>
      <if test="record.shijian != null">
        shijian = #{record.shijian,jdbcType=DATE},
      </if>
    </set>
    <if test="_parameter != null">
      <include refid="Update_By_Example_Where_Clause" />
    </if>
  </update>
  <update id="updateByExample" parameterType="map">
    update yang_zhi_xin_xi
    set sheng_chu_id = #{record.shengChuId,jdbcType=INTEGER},
      sheng_chu_ming_cheng = #{record.shengChuMingCheng,jdbcType=VARCHAR},
      chu_lan_liang = #{record.chuLanLiang,jdbcType=INTEGER},
      beiyong1 = #{record.beiyong1,jdbcType=DOUBLE},
      beiyong2 = #{record.beiyong2,jdbcType=INTEGER},
      beiyong3 = #{record.beiyong3,jdbcType=VARCHAR},
      shijian = #{record.shijian,jdbcType=DATE}
    <if test="_parameter != null">
      <include refid="Update_By_Example_Where_Clause" />
    </if>
  </update>
  <update id="updateByPrimaryKeySelective" parameterType="com.i1314i.ourproject.po.javabean.YangZhiXinXi">
    update yang_zhi_xin_xi
    <set>
      <if test="shengChuMingCheng != null">
        sheng_chu_ming_cheng = #{shengChuMingCheng,jdbcType=VARCHAR},
      </if>
      <if test="chuLanLiang != null">
        chu_lan_liang = #{chuLanLiang,jdbcType=INTEGER},
      </if>
      <if test="beiyong1 != null">
        beiyong1 = #{beiyong1,jdbcType=DOUBLE},
      </if>
      <if test="beiyong2 != null">
        beiyong2 = #{beiyong2,jdbcType=INTEGER},
      </if>
      <if test="beiyong3 != null">
        beiyong3 = #{beiyong3,jdbcType=VARCHAR},
      </if>
      <if test="shijian != null">
        shijian = #{shijian,jdbcType=DATE},
      </if>
    </set>
    where sheng_chu_id = #{shengChuId,jdbcType=INTEGER}
  </update>
  <update id="updateByPrimaryKey" parameterType="com.i1314i.ourproject.po.javabean.YangZhiXinXi">
    update yang_zhi_xin_xi
    set sheng_chu_ming_cheng = #{shengChuMingCheng,jdbcType=VARCHAR},
      chu_lan_liang = #{chuLanLiang,jdbcType=INTEGER},
      beiyong1 = #{beiyong1,jdbcType=DOUBLE},
      beiyong2 = #{beiyong2,jdbcType=INTEGER},
      beiyong3 = #{beiyong3,jdbcType=VARCHAR},
      shijian = #{shijian,jdbcType=DATE}
    where sheng_chu_id = #{shengChuId,jdbcType=INTEGER}
  </update>
</mapper>