<?xml version="1.0" encoding="UTF-8"?>
<!DOCTYPE mapper PUBLIC "-//mybatis.org//DTD Mapper 3.0//EN" "http://mybatis.org/dtd/mybatis-3-mapper.dtd">
<mapper namespace="com.i1314i.ourproject.mapper.ZhongZhiXinXiMapper">
  <resultMap id="BaseResultMap" type="com.i1314i.ourproject.po.javabean.ZhongZhiXinXi">
    <id column="jie_dao_id" jdbcType="INTEGER" property="jieDaoId" />
    <result column="jie_dao_ming_cheng" jdbcType="VARCHAR" property="jieDaoMingCheng" />
    <result column="bo_zhong_mian_ji" jdbcType="DOUBLE" property="boZhongMianJi" />
    <result column="dan_chan" jdbcType="DOUBLE" property="danChan" />
    <result column="shijian" jdbcType="DATE" property="shijian" />
    <result column="beiyong1" jdbcType="DOUBLE" property="beiyong1" />
    <result column="beiyong2" jdbcType="DOUBLE" property="beiyong2" />
    <result column="beiyong3" jdbcType="VARCHAR" property="beiyong3" />
    <result column="beiyong4" jdbcType="VARCHAR" property="beiyong4" />
  </resultMap>
  <sql id="Example_Where_Clause">
    <where>
      <foreach collection="oredCriteria" item="criteria" separator="or">
        <if test="criteria.valid">
          <trim prefix="(" prefixOverrides="and" suffix=")">
            <foreach collection="criteria.criteria" item="criterion">
              <choose>
                <when test="criterion.noValue">
                  and ${criterion.condition}
                </when>
                <when test="criterion.singleValue">
                  and ${criterion.condition} #{criterion.value}
                </when>
                <when test="criterion.betweenValue">
                  and ${criterion.condition} #{criterion.value} and #{criterion.secondValue}
                </when>
                <when test="criterion.listValue">
                  and ${criterion.condition}
                  <foreach close=")" collection="criterion.value" item="listItem" open="(" separator=",">
                    #{listItem}
                  </foreach>
                </when>
              </choose>
            </foreach>
          </trim>
        </if>
      </foreach>
    </where>
  </sql>
  <sql id="Update_By_Example_Where_Clause">
    <where>
      <foreach collection="example.oredCriteria" item="criteria" separator="or">
        <if test="criteria.valid">
          <trim prefix="(" prefixOverrides="and" suffix=")">
            <foreach collection="criteria.criteria" item="criterion">
              <choose>
                <when test="criterion.noValue">
                  and ${criterion.condition}
                </when>
                <when test="criterion.singleValue">
                  and ${criterion.condition} #{criterion.value}
                </when>
                <when test="criterion.betweenValue">
                  and ${criterion.condition} #{criterion.value} and #{criterion.secondValue}
                </when>
                <when test="criterion.listValue">
                  and ${criterion.condition}
                  <foreach close=")" collection="criterion.value" item="listItem" open="(" separator=",">
                    #{listItem}
                  </foreach>
                </when>
              </choose>
            </foreach>
          </trim>
        </if>
      </foreach>
    </where>
  </sql>
  <sql id="Base_Column_List">
    jie_dao_id, jie_dao_ming_cheng, bo_zhong_mian_ji, dan_chan, shijian, beiyong1, beiyong2, 
    beiyong3, beiyong4
  </sql>
  <select id="selectByExample" parameterType="com.i1314i.ourproject.po.javabean.ZhongZhiXinXiExample" resultMap="BaseResultMap">
    select
    <if test="distinct">
      distinct
    </if>
    <include refid="Base_Column_List" />
    from zhong_zhi_xin_xi
    <if test="_parameter != null">
      <include refid="Example_Where_Clause" />
    </if>
    <if test="orderByClause != null">
      order by ${orderByClause}
    </if>
  </select>
  <select id="selectByPrimaryKey" parameterType="java.lang.Integer" resultMap="BaseResultMap">
    select 
    <include refid="Base_Column_List" />
    from zhong_zhi_xin_xi
    where jie_dao_id = #{jieDaoId,jdbcType=INTEGER}
  </select>
  <delete id="deleteByPrimaryKey" parameterType="java.lang.Integer">
    delete from zhong_zhi_xin_xi
    where jie_dao_id = #{jieDaoId,jdbcType=INTEGER}
  </delete>
  <delete id="deleteByExample" parameterType="com.i1314i.ourproject.po.javabean.ZhongZhiXinXiExample">
    delete from zhong_zhi_xin_xi
    <if test="_parameter != null">
      <include refid="Example_Where_Clause" />
    </if>
  </delete>
  <insert id="insert" parameterType="com.i1314i.ourproject.po.javabean.ZhongZhiXinXi">
    insert into zhong_zhi_xin_xi (jie_dao_id, jie_dao_ming_cheng, bo_zhong_mian_ji, 
      dan_chan, shijian, beiyong1, 
      beiyong2, beiyong3, beiyong4
      )
    values (#{jieDaoId,jdbcType=INTEGER}, #{jieDaoMingCheng,jdbcType=VARCHAR}, #{boZhongMianJi,jdbcType=DOUBLE}, 
      #{danChan,jdbcType=DOUBLE}, #{shijian,jdbcType=DATE}, #{beiyong1,jdbcType=DOUBLE}, 
      #{beiyong2,jdbcType=DOUBLE}, #{beiyong3,jdbcType=VARCHAR}, #{beiyong4,jdbcType=VARCHAR}
      )
  </insert>
  <insert id="insertSelective" parameterType="com.i1314i.ourproject.po.javabean.ZhongZhiXinXi">
    insert into zhong_zhi_xin_xi
    <trim prefix="(" suffix=")" suffixOverrides=",">
      <if test="jieDaoId != null">
        jie_dao_id,
      </if>
      <if test="jieDaoMingCheng != null">
        jie_dao_ming_cheng,
      </if>
      <if test="boZhongMianJi != null">
        bo_zhong_mian_ji,
      </if>
      <if test="danChan != null">
        dan_chan,
      </if>
      <if test="shijian != null">
        shijian,
      </if>
      <if test="beiyong1 != null">
        beiyong1,
      </if>
      <if test="beiyong2 != null">
        beiyong2,
      </if>
      <if test="beiyong3 != null">
        beiyong3,
      </if>
      <if test="beiyong4 != null">
        beiyong4,
      </if>
    </trim>
    <trim prefix="values (" suffix=")" suffixOverrides=",">
      <if test="jieDaoId != null">
        #{jieDaoId,jdbcType=INTEGER},
      </if>
      <if test="jieDaoMingCheng != null">
        #{jieDaoMingCheng,jdbcType=VARCHAR},
      </if>
      <if test="boZhongMianJi != null">
        #{boZhongMianJi,jdbcType=DOUBLE},
      </if>
      <if test="danChan != null">
        #{danChan,jdbcType=DOUBLE},
      </if>
      <if test="shijian != null">
        #{shijian,jdbcType=DATE},
      </if>
      <if test="beiyong1 != null">
        #{beiyong1,jdbcType=DOUBLE},
      </if>
      <if test="beiyong2 != null">
        #{beiyong2,jdbcType=DOUBLE},
      </if>
      <if test="beiyong3 != null">
        #{beiyong3,jdbcType=VARCHAR},
      </if>
      <if test="beiyong4 != null">
        #{beiyong4,jdbcType=VARCHAR},
      </if>
    </trim>
  </insert>
  <select id="countByExample" parameterType="com.i1314i.ourproject.po.javabean.ZhongZhiXinXiExample" resultType="java.lang.Long">
    select count(*) from zhong_zhi_xin_xi
    <if test="_parameter != null">
      <include refid="Example_Where_Clause" />
    </if>
  </select>
  <update id="updateByExampleSelective" parameterType="map">
    update zhong_zhi_xin_xi
    <set>
      <if test="record.jieDaoId != null">
        jie_dao_id = #{record.jieDaoId,jdbcType=INTEGER},
      </if>
      <if test="record.jieDaoMingCheng != null">
        jie_dao_ming_cheng = #{record.jieDaoMingCheng,jdbcType=VARCHAR},
      </if>
      <if test="record.boZhongMianJi != null">
        bo_zhong_mian_ji = #{record.boZhongMianJi,jdbcType=DOUBLE},
      </if>
      <if test="record.danChan != null">
        dan_chan = #{record.danChan,jdbcType=DOUBLE},
      </if>
      <if test="record.shijian != null">
        shijian = #{record.shijian,jdbcType=DATE},
      </if>
      <if test="record.beiyong1 != null">
        beiyong1 = #{record.beiyong1,jdbcType=DOUBLE},
      </if>
      <if test="record.beiyong2 != null">
        beiyong2 = #{record.beiyong2,jdbcType=DOUBLE},
      </if>
      <if test="record.beiyong3 != null">
        beiyong3 = #{record.beiyong3,jdbcType=VARCHAR},
      </if>
      <if test="record.beiyong4 != null">
        beiyong4 = #{record.beiyong4,jdbcType=VARCHAR},
      </if>
    </set>
    <if test="_parameter != null">
      <include refid="Update_By_Example_Where_Clause" />
    </if>
  </update>
  <update id="updateByExample" parameterType="map">
    update zhong_zhi_xin_xi
    set jie_dao_id = #{record.jieDaoId,jdbcType=INTEGER},
      jie_dao_ming_cheng = #{record.jieDaoMingCheng,jdbcType=VARCHAR},
      bo_zhong_mian_ji = #{record.boZhongMianJi,jdbcType=DOUBLE},
      dan_chan = #{record.danChan,jdbcType=DOUBLE},
      shijian = #{record.shijian,jdbcType=DATE},
      beiyong1 = #{record.beiyong1,jdbcType=DOUBLE},
      beiyong2 = #{record.beiyong2,jdbcType=DOUBLE},
      beiyong3 = #{record.beiyong3,jdbcType=VARCHAR},
      beiyong4 = #{record.beiyong4,jdbcType=VARCHAR}
    <if test="_parameter != null">
      <include refid="Update_By_Example_Where_Clause" />
    </if>
  </update>
  <update id="updateByPrimaryKeySelective" parameterType="com.i1314i.ourproject.po.javabean.ZhongZhiXinXi">
    update zhong_zhi_xin_xi
    <set>
      <if test="jieDaoMingCheng != null">
        jie_dao_ming_cheng = #{jieDaoMingCheng,jdbcType=VARCHAR},
      </if>
      <if test="boZhongMianJi != null">
        bo_zhong_mian_ji = #{boZhongMianJi,jdbcType=DOUBLE},
      </if>
      <if test="danChan != null">
        dan_chan = #{danChan,jdbcType=DOUBLE},
      </if>
      <if test="shijian != null">
        shijian = #{shijian,jdbcType=DATE},
      </if>
      <if test="beiyong1 != null">
        beiyong1 = #{beiyong1,jdbcType=DOUBLE},
      </if>
      <if test="beiyong2 != null">
        beiyong2 = #{beiyong2,jdbcType=DOUBLE},
      </if>
      <if test="beiyong3 != null">
        beiyong3 = #{beiyong3,jdbcType=VARCHAR},
      </if>
      <if test="beiyong4 != null">
        beiyong4 = #{beiyong4,jdbcType=VARCHAR},
      </if>
    </set>
    where jie_dao_id = #{jieDaoId,jdbcType=INTEGER}
  </update>
  <update id="updateByPrimaryKey" parameterType="com.i1314i.ourproject.po.javabean.ZhongZhiXinXi">
    update zhong_zhi_xin_xi
    set jie_dao_ming_cheng = #{jieDaoMingCheng,jdbcType=VARCHAR},
      bo_zhong_mian_ji = #{boZhongMianJi,jdbcType=DOUBLE},
      dan_chan = #{danChan,jdbcType=DOUBLE},
      shijian = #{shijian,jdbcType=DATE},
      beiyong1 = #{beiyong1,jdbcType=DOUBLE},
      beiyong2 = #{beiyong2,jdbcType=DOUBLE},
      beiyong3 = #{beiyong3,jdbcType=VARCHAR},
      beiyong4 = #{beiyong4,jdbcType=VARCHAR}
    where jie_dao_id = #{jieDaoId,jdbcType=INTEGER}
  </update>
</mapper>